unique_id,ds,categorie,marque,quantite_vendue,chiffre_affaires_net_xof,prix_catalogue_xof,prix_unitaire_paye_xof,remise_planifiee_pct,en_promotion,n_promotions_concurrentes,remise_appliquee_pct,cout_unitaire_xof,marge_unitaire_xof,marge_totale_xof,taux_marge,stock_disponible_lag1,indicateur_rupture_lag1,indicateur_stock_faible_lag1,jour_semaine,weekend,mois,annee_mois,log1p_y,prix_simule_plan,marge_simulee_plan,due_au_bruit_seul
PRD000006,2025-05-04,Bebe & Enfant,Nimba,11.0,221243.0,28970.0,20113.0,30.0,1,1,30.573006558508798,20904.0,-791.0,-8701.0,-0.03932779794162979,102.0,0,0,6,True,5,2025-05,2.4849066497880004,20279.0,-625.0,False
PRD000006,2025-05-05,Bebe & Enfant,Nimba,1.0,20188.0,28970.0,20188.0,30.0,1,1,30.314118053158435,20904.0,-716.0,-716.0,-0.035466613829998016,91.0,0,0,0,False,5,2025-05,0.6931471805599453,20279.0,-625.0,False
PRD000006,2025-05-07,Bebe & Enfant,Nimba,1.0,20353.0,28970.0,20353.0,30.0,1,1,29.744563341387643,20904.0,-551.0,-551.0,-0.027072176091976614,90.0,0,0,2,False,5,2025-05,0.6931471805599453,20279.0,-625.0,False
PRD000006,2025-05-08,Bebe & Enfant,Nimba,2.0,39983.0,28970.0,19991.5,30.0,1,1,30.992405937176393,20904.0,-912.5,-1825.0,-0.04564439886951954,89.0,0,0,3,False,5,2025-05,1.0986122886681098,20279.0,-625.0,False
PRD000006,2026-02-13,Bebe & Enfant,Nimba,6.0,122826.0,28970.0,20471.0,30.0,1,1,29.33724542630307,20904.0,-433.0,-2598.0,-0.021151873381857263,25.0,0,1,4,False,2,2026-02,1.9459101490553132,20279.0,-625.0,False
PRD000006,2026-02-16,Bebe & Enfant,Nimba,1.0,19895.0,28970.0,19895.0,30.0,1,1,31.32550914739386,20904.0,-1009.0,-1009.0,-0.05071626036692636,235.0,0,0,0,False,2,2026-02,0.6931471805599453,20279.0,-625.0,False
PRD000006,2026-02-21,Bebe & Enfant,Nimba,1.0,20328.0,28970.0,20328.0,30.0,1,1,29.830859509837758,20904.0,-576.0,-576.0,-0.02833530106257379,234.0,0,0,5,True,2,2026-02,0.6931471805599453,20279.0,-625.0,False
PRD000007,2026-04-27,Telephonie & Accessoires,Prime,1.0,173787.0,235430.0,173787.0,25.0,1,1,26.183154228433082,175556.0,-1769.0,-1769.0,-0.010179127322527001,94.0,0,0,0,False,4,2026-04,0.6931471805599453,176572.5,1016.5,True
PRD000008,2025-09-27,Sport & Loisirs,Urban,2.0,100260.0,73010.0,50130.0,30.0,1,1,31.33817285303383,50514.0,-384.0,-768.0,-0.007660083782166367,96.0,0,0,5,True,9,2025-09,1.0986122886681098,51107.0,593.0,True
PRD000008,2025-09-28,Sport & Loisirs,Urban,1.0,50344.0,73010.0,50344.0,30.0,1,1,31.04506232023011,50514.0,-170.0,-170.0,-0.003376767837279517,94.0,0,0,6,True,9,2025-09,0.6931471805599453,51107.0,593.0,True
PRD000009,2026-03-23,Telephonie & Accessoires,Nova,3.0,175458.0,72370.0,58486.0,20.0,1,1,19.184745060107776,59253.0,-767.0,-2301.0,-0.013114249563998221,124.0,0,0,0,False,3,2026-03,1.3862943611198906,57896.0,-1357.0,False
PRD000009,2026-03-26,Telephonie & Accessoires,Nova,5.0,292103.0,72370.0,58420.6,20.0,1,1,19.275113997512783,59253.0,-832.4000000000015,-4162.0,-0.014248398681287106,121.0,0,0,3,False,3,2026-03,1.791759469228055,57896.0,-1357.0,False
PRD000009,2026-03-27,Telephonie & Accessoires,Nova,1.0,58324.0,72370.0,58324.0,20.0,1,1,19.408594721569717,59253.0,-929.0,-929.0,-0.015928262807763528,116.0,0,0,4,False,3,2026-03,0.6931471805599453,57896.0,-1357.0,False
PRD000009,2026-03-30,Telephonie & Accessoires,Nova,1.0,57070.0,72370.0,57070.0,20.0,1,1,21.14135691584911,59253.0,-2183.0,-2183.0,-0.038251270369721396,115.0,0,0,0,False,3,2026-03,0.6931471805599453,57896.0,-1357.0,False
PRD000009,2026-03-31,Telephonie & Accessoires,Nova,2.0,115588.0,72370.0,57794.0,20.0,1,1,20.140942379438997,59253.0,-1459.0,-2918.0,-0.025244835103990032,114.0,0,0,1,False,3,2026-03,1.0986122886681098,57896.0,-1357.0,False
PRD000009,2026-04-01,Telephonie & Accessoires,Nova,1.0,58740.0,72370.0,58740.0,20.0,1,1,18.83377089954401,59253.0,-513.0,-513.0,-0.008733401430030643,112.0,0,0,2,False,4,2026-04,0.6931471805599453,57896.0,-1357.0,False
PRD000009,2026-04-02,Telephonie & Accessoires,Nova,5.0,292175.0,72370.0,58435.0,20.0,1,1,19.255216249827278,59253.0,-818.0,-4090.0,-0.013998459827158381,111.0,0,0,3,False,4,2026-04,1.791759469228055,57896.0,-1357.0,False
PRD000009,2026-04-03,Telephonie & Accessoires,Nova,4.0,230774.0,72370.0,57693.5,20.0,1,1,20.27981207682742,59253.0,-1559.5,-6238.0,-0.027030774697322922,106.0,0,0,4,False,4,2026-04,1.6094379124341003,57896.0,-1357.0,False
PRD000009,2026-04-04,Telephonie & Accessoires,Nova,6.0,348308.0,72370.0,58051.333333333336,20.0,1,1,19.785362258762838,59253.0,-1201.6666666666642,-7210.0,-0.020700070052941607,102.0,0,0,5,True,4,2026-04,1.9459101490553132,57896.0,-1357.0,False
PRD000009,2026-04-20,Telephonie & Accessoires,Nova,1.0,54526.0,72370.0,54526.0,25.0,1,1,24.65662567362167,59253.0,-4727.0,-4727.0,-0.08669258702270477,64.0,0,0,0,False,4,2026-04,0.6931471805599453,54277.5,-4975.5,False
PRD000009,2026-04-21,Telephonie & Accessoires,Nova,7.0,378193.0,72370.0,54027.57142857143,25.0,1,1,25.345348309283644,59253.0,-5225.4285714285725,-36578.0,-0.09671781339157522,63.0,0,0,1,False,4,2026-04,2.0794415416798357,54277.5,-4975.5,False
PRD000009,2026-04-22,Telephonie & Accessoires,Nova,1.0,53558.0,72370.0,53558.0,25.0,1,1,25.994196490258393,59253.0,-5695.0,-5695.0,-0.1063333208857687,56.0,0,0,2,False,4,2026-04,0.6931471805599453,54277.5,-4975.5,False
PRD000009,2026-04-24,Telephonie & Accessoires,Nova,9.0,486697.0,72370.0,54077.444444444445,25.0,1,1,25.276434372744994,59253.0,-5175.555555555555,-46580.0,-0.09570636350747999,55.0,0,0,4,False,4,2026-04,2.302585092994046,54277.5,-4975.5,False
PRD000009,2026-04-25,Telephonie & Accessoires,Nova,2.0,107626.0,72370.0,53813.0,25.0,1,1,25.64184054166091,59253.0,-5440.0,-10880.0,-0.1010908144872057,46.0,0,1,5,True,4,2026-04,1.0986122886681098,54277.5,-4975.5,False
PRD000009,2026-04-26,Telephonie & Accessoires,Nova,4.0,212788.0,72370.0,53197.0,25.0,1,1,26.49302197042973,59253.0,-6056.0,-24224.0,-0.11384100607177096,44.0,0,1,6,True,4,2026-04,1.6094379124341003,54277.5,-4975.5,False
PRD000009,2026-04-27,Telephonie & Accessoires,Nova,3.0,162817.0,72370.0,54272.333333333336,25.0,1,1,25.00713923817419,59253.0,-4980.666666666664,-14942.0,-0.09177174373683333,40.0,0,1,0,False,4,2026-04,1.3862943611198906,54277.5,-4975.5,False
PRD000009,2026-04-28,Telephonie & Accessoires,Nova,2.0,108854.0,72370.0,54427.0,25.0,1,1,24.79342268895951,59253.0,-4826.0,-9652.0,-0.08866922667058628,37.0,0,1,1,False,4,2026-04,1.0986122886681098,54277.5,-4975.5,False
PRD000009,2026-04-29,Telephonie & Accessoires,Nova,5.0,274268.0,72370.0,54853.6,25.0,1,1,24.203951913776432,59253.0,-4399.4000000000015,-21997.0,-0.08020257558300643,35.0,0,1,2,False,4,2026-04,1.791759469228055,54277.5,-4975.5,False
PRD000011,2025-06-10,Alimentation & Epicerie,Nova,1.0,6119.0,7330.0,6119.0,15.0,1,1,16.521145975443385,6183.0,-64.0,-64.0,-0.010459225363621507,323.0,0,0,1,False,6,2025-06,0.6931471805599453,6230.5,47.5,True
PRD000011,2025-09-26,Alimentation & Epicerie,Nova,1.0,5575.0,7330.0,5575.0,25.0,1,1,23.94270122783083,6183.0,-608.0,-608.0,-0.10905829596412556,123.0,0,0,4,False,9,2025-09,0.6931471805599453,5497.5,-685.5,False
PRD000011,2025-09-27,Alimentation & Epicerie,Nova,4.0,22112.0,7330.0,5528.0,25.0,1,1,24.583901773533423,6183.0,-655.0,-2620.0,-0.11848769898697539,122.0,0,0,5,True,9,2025-09,1.6094379124341003,5497.5,-685.5,False
PRD000011,2025-09-28,Alimentation & Epicerie,Nova,1.0,5501.0,7330.0,5501.0,25.0,1,1,24.95225102319236,6183.0,-682.0,-682.0,-0.12397745864388293,118.0,0,0,6,True,9,2025-09,0.6931471805599453,5497.5,-685.5,False
PRD000011,2025-09-30,Alimentation & Epicerie,Nova,1.0,5591.0,7330.0,5591.0,25.0,1,1,23.72442019099591,6183.0,-592.0,-592.0,-0.10588445716329815,117.0,0,0,1,False,9,2025-09,0.6931471805599453,5497.5,-685.5,False
PRD000011,2025-10-01,Alimentation & Epicerie,Nova,1.0,5498.0,7330.0,5498.0,25.0,1,1,24.99317871759891,6183.0,-685.0,-685.0,-0.12459076027646417,116.0,0,0,2,False,10,2025-10,0.6931471805599453,5497.5,-685.5,False
PRD000012,2025-03-07,Electronique & High-Tech,Lumo,1.0,128582.0,154180.0,128582.0,15.0,1,1,16.60267220132313,130340.0,-1758.0,-1758.0,-0.013672209173912367,142.0,0,0,4,False,3,2025-03,0.6931471805599453,131053.0,713.0,True
PRD000012,2025-05-13,Electronique & High-Tech,Lumo,5.0,645890.0,154180.0,129178.0,15.0,1,1,16.216111039045266,130340.0,-1162.0,-5810.0,-0.00899533976373686,92.0,0,0,1,False,5,2025-05,1.791759469228055,131053.0,713.0,True
PRD000012,2025-05-19,Electronique & High-Tech,Lumo,1.0,128454.0,154180.0,128454.0,15.0,1,1,16.685692048255284,130340.0,-1886.0,-1886.0,-0.014682298721721394,86.0,0,0,0,False,5,2025-05,0.6931471805599453,131053.0,713.0,True
PRD000016,2025-09-29,Alimentation & Epicerie,Nimba,2.0,11870.0,7770.0,5935.0,25.0,1,1,23.61647361647362,6875.0,-940.0,-1880.0,-0.15838247683235046,124.0,0,0,0,False,9,2025-09,1.0986122886681098,5827.5,-1047.5,False
PRD000016,2025-09-30,Alimentation & Epicerie,Nimba,5.0,29235.0,7770.0,5847.0,25.0,1,1,24.74903474903475,6875.0,-1028.0,-5140.0,-0.17581665811527278,122.0,0,0,1,False,9,2025-09,1.791759469228055,5827.5,-1047.5,False
PRD000016,2025-10-01,Alimentation & Epicerie,Nimba,1.0,5776.0,7770.0,5776.0,25.0,1,1,25.662805662805667,6875.0,-1099.0,-1099.0,-0.19027008310249308,117.0,0,0,2,False,10,2025-10,0.6931471805599453,5827.5,-1047.5,False
PRD000020,2025-06-28,Telephonie & Accessoires,Nova,2.0,109530.0,73220.0,54765.0,25.0,1,1,25.204862059546574,56232.0,-1467.0,-2934.0,-0.026787181594083814,246.0,0,0,5,True,6,2025-06,1.0986122886681098,54915.0,-1317.0,False
PRD000020,2025-07-02,Telephonie & Accessoires,Nova,2.0,111956.0,73220.0,55978.0,25.0,1,1,23.54821087134663,56232.0,-254.0,-508.0,-0.004537496873771839,244.0,0,0,2,False,7,2025-07,1.0986122886681098,54915.0,-1317.0,False
PRD000020,2025-07-04,Telephonie & Accessoires,Nova,6.0,335076.0,73220.0,55846.0,25.0,1,1,23.728489483747605,56232.0,-386.0,-2316.0,-0.006911864770977331,242.0,0,0,4,False,7,2025-07,1.9459101490553132,54915.0,-1317.0,False
PRD000020,2025-07-05,Telephonie & Accessoires,Nova,1.0,54821.0,73220.0,54821.0,25.0,1,1,25.128380223982518,56232.0,-1411.0,-1411.0,-0.02573831196074497,236.0,0,0,5,True,7,2025-07,0.6931471805599453,54915.0,-1317.0,False
PRD000020,2025-07-07,Telephonie & Accessoires,Nova,1.0,55163.0,73220.0,55163.0,25.0,1,1,24.661294728216333,56232.0,-1069.0,-1069.0,-0.01937893153019234,235.0,0,0,0,False,7,2025-07,0.6931471805599453,54915.0,-1317.0,False
PRD000020,2026-04-22,Telephonie & Accessoires,Nova,1.0,55765.0,73220.0,55765.0,25.0,1,1,23.839114995902754,56232.0,-467.0,-467.0,-0.008374428404913476,93.0,0,0,2,False,4,2026-04,0.6931471805599453,54915.0,-1317.0,False
PRD000020,2026-04-23,Telephonie & Accessoires,Nova,1.0,55251.0,73220.0,55251.0,25.0,1,1,24.54110898661568,56232.0,-981.0,-981.0,-0.017755334745072487,92.0,0,0,3,False,4,2026-04,0.6931471805599453,54915.0,-1317.0,False
PRD000020,2026-04-24,Telephonie & Accessoires,Nova,2.0,108332.0,73220.0,54166.0,25.0,1,1,26.022944550669212,56232.0,-2066.0,-4132.0,-0.03814200790163571,91.0,0,0,4,False,4,2026-04,1.0986122886681098,54915.0,-1317.0,False
PRD000020,2026-04-25,Telephonie & Accessoires,Nova,9.0,494064.0,73220.0,54896.0,25.0,1,1,25.02594919420923,56232.0,-1336.0,-12024.0,-0.024336928009326728,89.0,0,0,5,True,4,2026-04,2.302585092994046,54915.0,-1317.0,False
PRD000020,2026-04-26,Telephonie & Accessoires,Nova,2.0,111276.0,73220.0,55638.0,25.0,1,1,24.01256487298552,56232.0,-594.0,-1188.0,-0.010676156583629894,80.0,0,0,6,True,4,2026-04,1.0986122886681098,54915.0,-1317.0,False
PRD000020,2026-04-28,Telephonie & Accessoires,Nova,2.0,111241.0,73220.0,55620.5,25.0,1,1,24.036465446599287,56232.0,-611.5,-1223.0,-0.010994147841173668,78.0,0,0,1,False,4,2026-04,1.0986122886681098,54915.0,-1317.0,False
PRD000026,2025-03-30,Telephonie & Accessoires,Eco,2.0,250648.0,167300.0,125324.0,25.0,1,1,25.090257023311413,129593.0,-4269.0,-8538.0,-0.03406370687178832,335.0,0,0,6,True,3,2025-03,1.0986122886681098,125475.0,-4118.0,False
PRD000026,2025-03-31,Telephonie & Accessoires,Eco,3.0,371385.0,167300.0,123795.0,25.0,1,1,26.004184100418414,129593.0,-5798.0,-17394.0,-0.04683549416373844,333.0,0,0,0,False,3,2025-03,1.3862943611198906,125475.0,-4118.0,False
PRD000026,2025-04-01,Telephonie & Accessoires,Eco,7.0,884834.0,167300.0,126404.85714285714,25.0,1,1,24.444197762787123,129593.0,-3188.142857142855,-22317.0,-0.02522167999873421,330.0,0,0,1,False,4,2025-04,2.0794415416798357,125475.0,-4118.0,False
PRD000026,2025-04-02,Telephonie & Accessoires,Eco,1.0,123948.0,167300.0,123948.0,25.0,1,1,25.912731619844585,129593.0,-5645.0,-5645.0,-0.04554329234840417,323.0,0,0,2,False,4,2025-04,0.6931471805599453,125475.0,-4118.0,False
PRD000026,2025-04-03,Telephonie & Accessoires,Eco,3.0,377240.0,167300.0,125746.66666666667,25.0,1,1,24.837617055190275,129593.0,-3846.3333333333285,-11539.0,-0.030587954617749935,322.0,0,0,3,False,4,2025-04,1.3862943611198906,125475.0,-4118.0,False
PRD000026,2025-04-04,Telephonie & Accessoires,Eco,3.0,373656.0,167300.0,124552.0,25.0,1,1,25.551703526598924,129593.0,-5041.0,-15123.0,-0.0404730554306635,319.0,0,0,4,False,4,2025-04,1.3862943611198906,125475.0,-4118.0,False
PRD000026,2025-04-05,Telephonie & Accessoires,Eco,1.0,123778.0,167300.0,123778.0,25.0,1,1,26.014345487148837,129593.0,-5815.0,-5815.0,-0.046979269337038894,316.0,0,0,5,True,4,2025-04,0.6931471805599453,125475.0,-4118.0,False
PRD000026,2025-04-06,Telephonie & Accessoires,Eco,2.0,252540.0,167300.0,126270.0,25.0,1,1,24.524805738194853,129593.0,-3323.0,-6646.0,-0.026316623109210423,315.0,0,0,6,True,4,2025-04,1.0986122886681098,125475.0,-4118.0,False
PRD000026,2025-04-10,Telephonie & Accessoires,Eco,3.0,371432.0,167300.0,123810.66666666667,25.0,1,1,25.994819685196248,129593.0,-5782.3333333333285,-17347.0,-0.04670303043356519,313.0,0,0,3,False,4,2025-04,1.3862943611198906,125475.0,-4118.0,False
PRD000026,2025-06-25,Telephonie & Accessoires,Eco,1.0,124825.0,167300.0,124825.0,25.0,1,1,25.388523610280934,129593.0,-4768.0,-4768.0,-0.038197476467053876,151.0,0,0,2,False,6,2025-06,0.6931471805599453,125475.0,-4118.0,False
PRD000026,2025-06-26,Telephonie & Accessoires,Eco,5.0,628403.0,167300.0,125680.6,25.0,1,1,24.87710699342498,129593.0,-3912.399999999994,-19562.0,-0.031129704982312257,150.0,0,0,3,False,6,2025-06,1.791759469228055,125475.0,-4118.0,False
PRD000026,2025-06-28,Telephonie & Accessoires,Eco,1.0,127681.0,167300.0,127681.0,25.0,1,1,23.681410639569634,129593.0,-1912.0,-1912.0,-0.014974820059366702,145.0,0,0,5,True,6,2025-06,0.6931471805599453,125475.0,-4118.0,False
PRD000026,2025-06-30,Telephonie & Accessoires,Eco,7.0,875269.0,167300.0,125038.42857142857,25.0,1,1,25.26095124242166,129593.0,-4554.571428571435,-31882.0,-0.03642537322811621,144.0,0,0,0,False,6,2025-06,2.0794415416798357,125475.0,-4118.0,False
PRD000026,2025-07-02,Telephonie & Accessoires,Eco,1.0,125711.0,167300.0,125711.0,25.0,1,1,24.85893604303646,129593.0,-3882.0,-3882.0,-0.030880352554669043,137.0,0,0,2,False,7,2025-07,0.6931471805599453,125475.0,-4118.0,False
PRD000026,2025-07-03,Telephonie & Accessoires,Eco,1.0,124538.0,167300.0,124538.0,25.0,1,1,25.56007172743574,129593.0,-5055.0,-5055.0,-0.040590020716568434,136.0,0,0,3,False,7,2025-07,0.6931471805599453,125475.0,-4118.0,False
PRD000026,2025-07-04,Telephonie & Accessoires,Eco,2.0,254594.0,167300.0,127297.0,25.0,1,1,23.91093843395099,129593.0,-2296.0,-4592.0,-0.018036560170310377,135.0,0,0,4,False,7,2025-07,1.0986122886681098,125475.0,-4118.0,False
PRD000026,2025-07-05,Telephonie & Accessoires,Eco,5.0,626536.0,167300.0,125307.2,25.0,1,1,25.100298864315608,129593.0,-4285.800000000003,-21429.0,-0.034202344318602626,133.0,0,0,5,True,7,2025-07,1.791759469228055,125475.0,-4118.0,False
PRD000026,2025-07-06,Telephonie & Accessoires,Eco,9.0,1124556.0,167300.0,124950.66666666667,25.0,1,1,25.31340904562661,129593.0,-4642.3333333333285,-41781.0,-0.037153329847513114,128.0,0,0,6,True,7,2025-07,2.302585092994046,125475.0,-4118.0,False
PRD000026,2025-07-07,Telephonie & Accessoires,Eco,3.0,380517.0,167300.0,126839.0,25.0,1,1,24.18469814704124,129593.0,-2754.0,-8262.0,-0.021712564747435725,119.0,0,0,0,False,7,2025-07,1.3862943611198906,125475.0,-4118.0,False
PRD000026,2025-07-08,Telephonie & Accessoires,Eco,2.0,248742.0,167300.0,124371.0,25.0,1,2,25.659892408846385,129593.0,-5222.0,-10444.0,-0.0419872799929244,116.0,0,0,1,False,7,2025-07,1.0986122886681098,125475.0,-4118.0,False
PRD000026,2026-04-20,Telephonie & Accessoires,Eco,1.0,126574.0,167300.0,126574.0,25.0,1,1,24.343096234309623,129593.0,-3019.0,-3019.0,-0.023851659898557365,137.0,0,0,0,False,4,2026-04,0.6931471805599453,125475.0,-4118.0,False
PRD000026,2026-04-21,Telephonie & Accessoires,Eco,3.0,372497.0,167300.0,124165.66666666667,25.0,1,1,25.782626021119736,129593.0,-5427.3333333333285,-16282.0,-0.04371041914431521,136.0,0,0,1,False,4,2026-04,1.3862943611198906,125475.0,-4118.0,False
PRD000026,2026-04-22,Telephonie & Accessoires,Eco,5.0,620586.0,167300.0,124117.2,25.0,1,1,25.811595935445308,129593.0,-5475.800000000003,-27379.0,-0.044117978813573,133.0,0,0,2,False,4,2026-04,1.791759469228055,125475.0,-4118.0,False
PRD000026,2026-04-23,Telephonie & Accessoires,Eco,7.0,876785.0,167300.0,125255.0,25.0,1,1,25.131500298864317,129593.0,-4338.0,-30366.0,-0.034633347970140914,128.0,0,0,3,False,4,2026-04,2.0794415416798357,125475.0,-4118.0,False
PRD000026,2026-04-24,Telephonie & Accessoires,Eco,5.0,628194.0,167300.0,125638.8,25.0,1,1,24.902092050209202,129593.0,-3954.199999999997,-19771.0,-0.031472761599123815,121.0,0,0,4,False,4,2026-04,1.791759469228055,125475.0,-4118.0,False
PRD000026,2026-04-25,Telephonie & Accessoires,Eco,4.0,501862.0,167300.0,125465.5,25.0,1,1,25.005678421996414,129593.0,-4127.5,-16510.0,-0.032897489748177786,116.0,0,0,5,True,4,2026-04,1.6094379124341003,125475.0,-4118.0,False
PRD000026,2026-04-26,Telephonie & Accessoires,Eco,2.0,251532.0,167300.0,125766.0,25.0,1,1,24.826060968320384,129593.0,-3827.0,-7654.0,-0.030429527853314885,112.0,0,0,6,True,4,2026-04,1.0986122886681098,125475.0,-4118.0,False
PRD000026,2026-04-27,Telephonie & Accessoires,Eco,2.0,252472.0,167300.0,126236.0,25.0,1,1,24.54512851165571,129593.0,-3357.0,-6714.0,-0.02659304794195,110.0,0,0,0,False,4,2026-04,1.0986122886681098,125475.0,-4118.0,False
PRD000026,2026-04-28,Telephonie & Accessoires,Eco,3.0,374737.0,167300.0,124912.33333333333,25.0,1,1,25.33632197648934,129593.0,-4680.6666666666715,-14042.0,-0.037471613424882026,108.0,0,0,1,False,4,2026-04,1.3862943611198906,125475.0,-4118.0,False
PRD000026,2026-04-29,Telephonie & Accessoires,Eco,2.0,250779.0,167300.0,125389.5,25.0,1,1,25.051105797967722,129593.0,-4203.5,-8407.0,-0.03352354064734288,105.0,0,0,2,False,4,2026-04,1.0986122886681098,125475.0,-4118.0,False
PRD000033,2026-02-13,Bebe & Enfant,Nova,9.0,200684.0,31850.0,22298.222222222223,30.0,1,1,29.989883132740268,22378.0,-79.77777777777737,-718.0,-0.0035777640469593806,164.0,0,0,4,False,2,2026-02,2.302585092994046,22295.0,-83.0,False
PRD000033,2026-02-15,Bebe & Enfant,Nova,4.0,88811.0,31850.0,22202.75,30.0,1,1,30.289638932496075,22378.0,-175.25,-701.0,-0.00789316638704665,151.0,0,0,6,True,2,2026-02,1.6094379124341003,22295.0,-83.0,False
PRD000033,2026-02-17,Bebe & Enfant,Nova,6.0,133833.0,31850.0,22305.5,30.0,1,1,29.96703296703297,22378.0,-72.5,-435.0,-0.003250319427943781,147.0,0,0,1,False,2,2026-02,1.9459101490553132,22295.0,-83.0,False
PRD000033,2026-02-18,Bebe & Enfant,Nova,3.0,66511.0,31850.0,22170.333333333332,30.0,1,1,30.391418105703828,22378.0,-207.66666666666788,-623.0,-0.009366871645291812,141.0,0,0,2,False,2,2026-02,1.3862943611198906,22295.0,-83.0,False
PRD000033,2026-02-21,Bebe & Enfant,Nova,5.0,109895.0,31850.0,21979.0,30.0,1,1,30.992150706436416,22378.0,-399.0,-1995.0,-0.01815369216069885,137.0,0,0,5,True,2,2026-02,1.791759469228055,22295.0,-83.0,False
PRD000037,2025-03-30,Telephonie & Accessoires,Baobab,2.0,11692.0,7840.0,5846.0,25.0,1,1,25.433673469387752,6123.0,-277.0,-554.0,-0.047382825863838525,295.0,0,0,6,True,3,2025-03,1.0986122886681098,5880.0,-243.0,False
PRD000037,2025-04-01,Telephonie & Accessoires,Baobab,4.0,23184.0,7840.0,5796.0,25.0,1,1,26.07142857142857,6123.0,-327.0,-1308.0,-0.05641821946169772,293.0,0,0,1,False,4,2025-04,1.6094379124341003,5880.0,-243.0,False
PRD000037,2025-04-02,Telephonie & Accessoires,Baobab,2.0,11924.0,7840.0,5962.0,25.0,1,1,23.954081632653057,6123.0,-161.0,-322.0,-0.027004360952700437,289.0,0,0,2,False,4,2025-04,1.0986122886681098,5880.0,-243.0,False
PRD000037,2025-04-04,Telephonie & Accessoires,Baobab,1.0,5985.0,7840.0,5985.0,25.0,1,1,23.660714285714292,6123.0,-138.0,-138.0,-0.02305764411027569,287.0,0,0,4,False,4,2025-04,0.6931471805599453,5880.0,-243.0,False
PRD000037,2025-04-07,Telephonie & Accessoires,Baobab,1.0,5896.0,7840.0,5896.0,25.0,1,1,24.795918367346935,6123.0,-227.0,-227.0,-0.03850067842605156,286.0,0,0,0,False,4,2025-04,0.6931471805599453,5880.0,-243.0,False
PRD000037,2025-06-27,Telephonie & Accessoires,Baobab,1.0,5874.0,7840.0,5874.0,25.0,1,1,25.076530612244895,6123.0,-249.0,-249.0,-0.042390194075587334,228.0,0,0,4,False,6,2025-06,0.6931471805599453,5880.0,-243.0,False
PRD000037,2025-07-03,Telephonie & Accessoires,Baobab,5.0,29851.0,7840.0,5970.2,25.0,1,1,23.849489795918366,6123.0,-152.80000000000018,-764.0,-0.02559378245284918,227.0,0,0,3,False,7,2025-07,1.791759469228055,5880.0,-243.0,False
PRD000037,2025-07-06,Telephonie & Accessoires,Baobab,3.0,17807.0,7840.0,5935.666666666667,25.0,1,1,24.289965986394556,6123.0,-187.33333333333303,-562.0,-0.031560622227213966,222.0,0,0,6,True,7,2025-07,1.3862943611198906,5880.0,-243.0,False
PRD000037,2025-07-07,Telephonie & Accessoires,Baobab,1.0,5913.0,7840.0,5913.0,25.0,1,1,24.579081632653065,6123.0,-210.0,-210.0,-0.035514967021816335,219.0,0,0,0,False,7,2025-07,0.6931471805599453,5880.0,-243.0,False
PRD000037,2026-04-20,Telephonie & Accessoires,Baobab,4.0,23676.0,7840.0,5919.0,25.0,1,1,24.50255102040816,6123.0,-204.0,-816.0,-0.03446528129751647,65.0,0,0,0,False,4,2026-04,1.6094379124341003,5880.0,-243.0,False
PRD000037,2026-04-21,Telephonie & Accessoires,Baobab,1.0,5984.0,7840.0,5984.0,25.0,1,1,23.673469387755098,6123.0,-139.0,-139.0,-0.02322860962566845,61.0,0,0,1,False,4,2026-04,0.6931471805599453,5880.0,-243.0,False
PRD000037,2026-04-22,Telephonie & Accessoires,Baobab,1.0,5814.0,7840.0,5814.0,25.0,1,1,25.841836734693878,6123.0,-309.0,-309.0,-0.053147574819401446,60.0,0,0,2,False,4,2026-04,0.6931471805599453,5880.0,-243.0,False
PRD000037,2026-04-23,Telephonie & Accessoires,Baobab,2.0,11797.0,7840.0,5898.5,25.0,1,1,24.764030612244902,6123.0,-224.5,-449.0,-0.03806052386199881,59.0,0,0,3,False,4,2026-04,1.0986122886681098,5880.0,-243.0,False
PRD000037,2026-04-24,Telephonie & Accessoires,Baobab,1.0,5822.0,7840.0,5822.0,25.0,1,1,25.73979591836735,6123.0,-301.0,-301.0,-0.051700446581930605,57.0,0,0,4,False,4,2026-04,0.6931471805599453,5880.0,-243.0,False
PRD000037,2026-04-25,Telephonie & Accessoires,Baobab,2.0,11704.0,7840.0,5852.0,25.0,1,1,25.357142857142854,6123.0,-271.0,-542.0,-0.04630895420369104,56.0,0,0,5,True,4,2026-04,1.0986122886681098,5880.0,-243.0,False
PRD000037,2026-04-26,Telephonie & Accessoires,Baobab,2.0,11628.0,7840.0,5814.0,25.0,1,1,25.841836734693878,6123.0,-309.0,-618.0,-0.053147574819401446,54.0,0,0,6,True,4,2026-04,1.0986122886681098,5880.0,-243.0,False
PRD000037,2026-04-27,Telephonie & Accessoires,Baobab,7.0,40848.0,7840.0,5835.428571428572,25.0,1,1,25.56851311953353,6123.0,-287.57142857142844,-2013.0,-0.04928025851938893,52.0,0,0,0,False,4,2026-04,2.0794415416798357,5880.0,-243.0,False
PRD000039,2025-06-09,Alimentation & Epicerie,Teranga,1.0,9516.0,11220.0,9516.0,15.0,1,1,15.187165775401068,9951.0,-435.0,-435.0,-0.0457124842370744,450.0,0,0,0,False,6,2025-06,0.6931471805599453,9537.0,-414.0,False
PRD000039,2025-06-10,Alimentation & Epicerie,Teranga,3.0,28563.0,11220.0,9521.0,15.0,1,1,15.142602495543667,9951.0,-430.0,-1290.0,-0.0451633231803382,449.0,0,0,1,False,6,2025-06,1.3862943611198906,9537.0,-414.0,False
PRD000039,2025-06-11,Alimentation & Epicerie,Teranga,5.0,47360.0,11220.0,9472.0,15.0,1,1,15.579322638146165,9951.0,-479.0,-2395.0,-0.05057010135135135,446.0,0,0,2,False,6,2025-06,1.791759469228055,9537.0,-414.0,False
PRD000039,2025-06-12,Alimentation & Epicerie,Teranga,1.0,9429.0,11220.0,9429.0,15.0,1,1,15.96256684491979,9951.0,-522.0,-522.0,-0.05536111994909322,441.0,0,0,3,False,6,2025-06,0.6931471805599453,9537.0,-414.0,False
PRD000039,2025-06-13,Alimentation & Epicerie,Teranga,4.0,37880.0,11220.0,9470.0,15.0,1,1,15.59714795008913,9951.0,-481.0,-1924.0,-0.050791974656810984,440.0,0,0,4,False,6,2025-06,1.6094379124341003,9537.0,-414.0,False
PRD000039,2025-06-14,Alimentation & Epicerie,Teranga,4.0,38063.0,11220.0,9515.75,15.0,1,1,15.189393939393936,9951.0,-435.25,-1741.0,-0.04573995743898274,436.0,0,0,5,True,6,2025-06,1.6094379124341003,9537.0,-414.0,False
PRD000039,2025-06-15,Alimentation & Epicerie,Teranga,3.0,28623.0,11220.0,9541.0,15.0,1,1,14.964349376114082,9951.0,-410.0,-1230.0,-0.04297243475526674,432.0,0,0,6,True,6,2025-06,1.3862943611198906,9537.0,-414.0,False
PRD000039,2025-09-26,Alimentation & Epicerie,Teranga,2.0,16673.0,11220.0,8336.5,25.0,1,1,25.699643493761137,9951.0,-1614.5,-3229.0,-0.19366640676542915,301.0,0,0,4,False,9,2025-09,1.0986122886681098,8415.0,-1536.0,False
PRD000039,2025-09-27,Alimentation & Epicerie,Teranga,3.0,25211.0,11220.0,8403.666666666666,25.0,1,1,25.1010101010101,9951.0,-1547.333333333334,-4642.0,-0.18412597675617795,299.0,0,0,5,True,9,2025-09,1.3862943611198906,8415.0,-1536.0,False
PRD000039,2025-09-28,Alimentation & Epicerie,Teranga,1.0,8252.0,11220.0,8252.0,25.0,1,1,26.45276292335116,9951.0,-1699.0,-1699.0,-0.20588948133785748,296.0,0,0,6,True,9,2025-09,0.6931471805599453,8415.0,-1536.0,False
PRD000039,2025-09-29,Alimentation & Epicerie,Teranga,7.0,58334.0,11220.0,8333.42857142857,25.0,1,1,25.72701807995926,9951.0,-1617.5714285714294,-11323.0,-0.19410635307025073,295.0,0,0,0,False,9,2025-09,2.0794415416798357,8415.0,-1536.0,False
PRD000039,2025-09-30,Alimentation & Epicerie,Teranga,1.0,8380.0,11220.0,8380.0,25.0,1,1,25.311942959001787,9951.0,-1571.0,-1571.0,-0.18747016706443914,288.0,0,0,1,False,9,2025-09,0.6931471805599453,8415.0,-1536.0,False
PRD000039,2026-05-22,Alimentation & Epicerie,Teranga,4.0,39792.0,11220.0,9948.0,10.0,1,1,11.336898395721928,9951.0,-3.0,-12.0,-0.00030156815440289503,36.0,0,1,4,False,5,2026-05,1.6094379124341003,10098.0,147.0,True
PRD000043,2025-09-30,Beaute & Soins,Teranga,4.0,77168.0,27790.0,19292.0,30.0,1,1,30.579345088161215,19354.0,-62.0,-248.0,-0.003213767364710761,28.0,0,1,1,False,9,2025-09,1.6094379124341003,19453.0,99.0,True
PRD000048,2026-02-15,Bebe & Enfant,Djoloff,1.0,7807.0,11180.0,7807.0,30.0,1,1,30.16994633273703,7908.0,-101.0,-101.0,-0.012937107723837582,52.0,0,0,6,True,2,2026-02,0.6931471805599453,7825.999999999999,-82.00000000000091,False
PRD000056,2025-04-03,Telephonie & Accessoires,Baobab,1.0,37903.0,51500.0,37903.0,25.0,1,1,26.40194174757281,38046.0,-143.0,-143.0,-0.003772788433633222,121.0,0,0,3,False,4,2025-04,0.6931471805599453,38625.0,579.0,True
PRD000056,2025-04-07,Telephonie & Accessoires,Baobab,1.0,37959.0,51500.0,37959.0,25.0,1,1,26.293203883495142,38046.0,-87.0,-87.0,-0.0022919465739350353,119.0,0,0,0,False,4,2025-04,0.6931471805599453,38625.0,579.0,True
PRD000056,2025-06-27,Telephonie & Accessoires,Baobab,1.0,37854.0,51500.0,37854.0,25.0,1,1,26.49708737864077,38046.0,-192.0,-192.0,-0.005072119194801078,130.0,0,0,4,False,6,2025-06,0.6931471805599453,38625.0,579.0,True
PRD000056,2026-04-27,Telephonie & Accessoires,Baobab,1.0,37929.0,51500.0,37929.0,25.0,1,1,26.35145631067961,38046.0,-117.0,-117.0,-0.0030847109072213875,41.0,0,1,0,False,4,2026-04,0.6931471805599453,38625.0,579.0,True
PRD000064,2025-06-26,Telephonie & Accessoires,Atlas,1.0,148594.0,201630.0,148594.0,25.0,1,1,26.30362545256162,149364.0,-770.0,-770.0,-0.005181905056731766,321.0,0,0,3,False,6,2025-06,0.6931471805599453,151222.5,1858.5,True
PRD000064,2025-07-04,Telephonie & Accessoires,Atlas,1.0,148522.0,201630.0,148522.0,25.0,1,1,26.339334424440807,149364.0,-842.0,-842.0,-0.0056691937894722665,311.0,0,0,4,False,7,2025-07,0.6931471805599453,151222.5,1858.5,True
PRD000064,2025-07-07,Telephonie & Accessoires,Atlas,3.0,445815.0,201630.0,148605.0,25.0,1,1,26.298169915191195,149364.0,-759.0,-2277.0,-0.005107499747653174,307.0,0,0,0,False,7,2025-07,1.3862943611198906,151222.5,1858.5,True
PRD000064,2026-04-27,Telephonie & Accessoires,Atlas,5.0,744013.0,201630.0,148802.6,25.0,1,1,26.200168625700538,149364.0,-561.3999999999942,-2807.0,-0.0037727835400725132,102.0,0,0,0,False,4,2026-04,1.791759469228055,151222.5,1858.5,True
PRD000069,2025-09-26,Alimentation & Epicerie,Nova,2.0,12998.0,8520.0,6499.0,25.0,1,1,23.720657276995304,6870.0,-371.0,-742.0,-0.05708570549315279,154.0,0,0,4,False,9,2025-09,1.0986122886681098,6390.0,-480.0,False
PRD000069,2025-09-27,Alimentation & Epicerie,Nova,1.0,6361.0,8520.0,6361.0,25.0,1,1,25.340375586854456,6870.0,-509.0,-509.0,-0.08001886495833989,152.0,0,0,5,True,9,2025-09,0.6931471805599453,6390.0,-480.0,False
PRD000069,2025-09-28,Alimentation & Epicerie,Nova,6.0,38766.0,8520.0,6461.0,25.0,1,1,24.16666666666667,6870.0,-409.0,-2454.0,-0.06330289428880978,151.0,0,0,6,True,9,2025-09,1.9459101490553132,6390.0,-480.0,False
PRD000069,2025-09-29,Alimentation & Epicerie,Nova,5.0,31800.0,8520.0,6360.0,25.0,1,1,25.352112676056336,6870.0,-510.0,-2550.0,-0.08018867924528301,145.0,0,0,0,False,9,2025-09,1.791759469228055,6390.0,-480.0,False
PRD000069,2025-09-30,Alimentation & Epicerie,Nova,7.0,44516.0,8520.0,6359.428571428572,25.0,1,1,25.358819584171698,6870.0,-510.57142857142844,-3574.0,-0.08028573995866653,140.0,0,0,1,False,9,2025-09,2.0794415416798357,6390.0,-480.0,False
PRD000069,2025-10-01,Alimentation & Epicerie,Nova,2.0,12792.0,8520.0,6396.0,25.0,1,1,24.929577464788732,6870.0,-474.0,-948.0,-0.07410881801125703,133.0,0,0,2,False,10,2025-10,1.0986122886681098,6390.0,-480.0,False
PRD000070,2025-09-26,Alimentation & Epicerie,Kora,7.0,56562.0,10910.0,8080.285714285715,25.0,1,1,25.936886211863296,8781.0,-700.7142857142853,-4905.0,-0.08671899862098223,169.0,0,0,4,False,9,2025-09,2.0794415416798357,8182.5,-598.5,False
PRD000070,2025-09-27,Alimentation & Epicerie,Kora,10.0,81562.0,10910.0,8156.2,25.0,1,1,25.24106324472961,8781.0,-624.8000000000002,-6248.0,-0.07660430102253503,162.0,0,0,5,True,9,2025-09,2.3978952727983707,8182.5,-598.5,False
PRD000070,2025-09-28,Alimentation & Epicerie,Kora,10.0,82417.0,10910.0,8241.7,25.0,1,1,24.457378551787347,8781.0,-539.2999999999993,-5393.0,-0.06543552907773872,152.0,0,0,6,True,9,2025-09,2.3978952727983707,8182.5,-598.5,False
PRD000070,2025-09-29,Alimentation & Epicerie,Kora,4.0,32871.0,10910.0,8217.75,25.0,1,1,24.6769019248396,8781.0,-563.25,-2253.0,-0.06854065893949074,142.0,0,0,0,False,9,2025-09,1.6094379124341003,8182.5,-598.5,False
PRD000070,2025-09-30,Alimentation & Epicerie,Kora,1.0,8328.0,10910.0,8328.0,25.0,1,1,23.666361136571958,8781.0,-453.0,-453.0,-0.05439481268011527,138.0,0,0,1,False,9,2025-09,0.6931471805599453,8182.5,-598.5,False
PRD000071,2025-09-26,Alimentation & Epicerie,Atlas,2.0,3420.0,2270.0,1710.0,25.0,1,1,24.66960352422908,1909.0,-199.0,-398.0,-0.11637426900584795,21.0,0,1,4,False,9,2025-09,1.0986122886681098,1702.5,-206.5,False
PRD000071,2025-09-27,Alimentation & Epicerie,Atlas,1.0,1711.0,2270.0,1711.0,25.0,1,1,24.62555066079295,1909.0,-198.0,-198.0,-0.1157218001168907,250.0,0,0,5,True,9,2025-09,0.6931471805599453,1702.5,-206.5,False
PRD000071,2025-09-29,Alimentation & Epicerie,Atlas,6.0,10064.0,2270.0,1677.3333333333333,25.0,1,1,26.108663729809113,1909.0,-231.66666666666674,-1390.0,-0.13811605723370435,249.0,0,0,0,False,9,2025-09,1.9459101490553132,1702.5,-206.5,False
PRD000071,2025-09-30,Alimentation & Epicerie,Atlas,1.0,1676.0,2270.0,1676.0,25.0,1,1,26.16740088105727,1909.0,-233.0,-233.0,-0.13902147971360382,243.0,0,0,1,False,9,2025-09,0.6931471805599453,1702.5,-206.5,False
PRD000072,2025-06-09,Alimentation & Epicerie,Lumo,2.0,8132.0,4780.0,4066.0,15.0,1,1,14.937238493723848,4083.0,-17.0,-34.0,-0.004181013280865716,80.0,0,0,0,False,6,2025-06,1.0986122886681098,4063.0,-20.0,False
PRD000072,2025-06-10,Alimentation & Epicerie,Lumo,2.0,8112.0,4780.0,4056.0,15.0,1,1,15.146443514644348,4083.0,-27.0,-54.0,-0.006656804733727811,78.0,0,0,1,False,6,2025-06,1.0986122886681098,4063.0,-20.0,False
PRD000072,2025-06-11,Alimentation & Epicerie,Lumo,1.0,4036.0,4780.0,4036.0,15.0,1,1,15.564853556485359,4083.0,-47.0,-47.0,-0.011645193260654113,76.0,0,0,2,False,6,2025-06,0.6931471805599453,4063.0,-20.0,False
PRD000072,2025-06-12,Alimentation & Epicerie,Lumo,7.0,28339.0,4780.0,4048.4285714285716,15.0,1,1,15.304841601912733,4083.0,-34.57142857142844,-242.0,-0.008539468576872829,75.0,0,0,3,False,6,2025-06,2.0794415416798357,4063.0,-20.0,False
PRD000072,2025-06-14,Alimentation & Epicerie,Lumo,5.0,20356.0,4780.0,4071.2,15.0,1,1,14.828451882845195,4083.0,-11.800000000000182,-59.0,-0.0028984083316958595,68.0,0,0,5,True,6,2025-06,1.791759469228055,4063.0,-20.0,False
PRD000072,2025-06-15,Alimentation & Epicerie,Lumo,1.0,4069.0,4780.0,4069.0,15.0,1,1,14.874476987447693,4083.0,-14.0,-14.0,-0.0034406488080609486,63.0,0,0,6,True,6,2025-06,0.6931471805599453,4063.0,-20.0,False
PRD000072,2025-09-26,Alimentation & Epicerie,Lumo,1.0,3586.0,4780.0,3586.0,25.0,1,1,24.979079497907954,4083.0,-497.0,-497.0,-0.13859453430005578,80.0,0,0,4,False,9,2025-09,0.6931471805599453,3585.0,-498.0,False
PRD000072,2025-09-27,Alimentation & Epicerie,Lumo,6.0,21870.0,4780.0,3645.0,25.0,1,1,23.74476987447699,4083.0,-438.0,-2628.0,-0.12016460905349795,79.0,0,0,5,True,9,2025-09,1.9459101490553132,3585.0,-498.0,False
PRD000072,2025-09-28,Alimentation & Epicerie,Lumo,1.0,3638.0,4780.0,3638.0,25.0,1,1,23.891213389121337,4083.0,-445.0,-445.0,-0.12231995601979109,73.0,0,0,6,True,9,2025-09,0.6931471805599453,3585.0,-498.0,False
PRD000072,2025-10-01,Alimentation & Epicerie,Lumo,1.0,3585.0,4780.0,3585.0,25.0,1,1,25.0,4083.0,-498.0,-498.0,-0.1389121338912134,72.0,0,0,2,False,10,2025-10,0.6931471805599453,3585.0,-498.0,False
PRD000073,2025-05-08,Bebe & Enfant,Eco,4.0,132012.0,47210.0,33003.0,30.0,1,1,30.093200593094682,34624.0,-1621.0,-6484.0,-0.04911674696239736,378.0,0,0,3,False,5,2025-05,1.6094379124341003,33047.0,-1577.0,False
PRD000073,2026-02-13,Bebe & Enfant,Eco,4.0,131476.0,47210.0,32869.0,30.0,1,1,30.377038762973953,34624.0,-1755.0,-7020.0,-0.05339377528978673,111.0,0,0,4,False,2,2026-02,1.6094379124341003,33047.0,-1577.0,False
PRD000073,2026-02-15,Bebe & Enfant,Eco,3.0,100164.0,47210.0,33388.0,30.0,1,1,29.2776954035162,34624.0,-1236.0,-3708.0,-0.03701928836707799,107.0,0,0,6,True,2,2026-02,1.3862943611198906,33047.0,-1577.0,False
PRD000073,2026-02-17,Bebe & Enfant,Eco,4.0,132868.0,47210.0,33217.0,30.0,1,1,29.6399067994069,34624.0,-1407.0,-5628.0,-0.04235782882259084,104.0,0,0,1,False,2,2026-02,1.6094379124341003,33047.0,-1577.0,False
PRD000073,2026-02-19,Bebe & Enfant,Eco,1.0,33144.0,47210.0,33144.0,30.0,1,1,29.794535056132176,34624.0,-1480.0,-1480.0,-0.04465363263335747,100.0,0,0,3,False,2,2026-02,0.6931471805599453,33047.0,-1577.0,False
PRD000073,2026-02-21,Bebe & Enfant,Eco,3.0,98275.0,47210.0,32758.333333333332,30.0,1,1,30.611452375909064,34624.0,-1865.6666666666679,-5597.0,-0.05695242940727554,99.0,0,0,5,True,2,2026-02,1.3862943611198906,33047.0,-1577.0,False
PRD000075,2025-03-04,Electronique & High-Tech,Sahel,2.0,678914.0,406240.0,339457.0,15.0,1,1,16.439296967309968,343537.0,-4080.0,-8160.0,-0.012019195362004614,90.0,0,0,1,False,3,2025-03,1.0986122886681098,345304.0,1767.0,True
PRD000075,2025-05-14,Electronique & High-Tech,Sahel,2.0,685062.0,406240.0,342531.0,15.0,1,1,15.68260141788106,343537.0,-1006.0,-2012.0,-0.00293696045029501,231.0,0,0,2,False,5,2025-05,1.0986122886681098,345304.0,1767.0,True
PRD000075,2025-05-15,Electronique & High-Tech,Sahel,1.0,341856.0,406240.0,341856.0,15.0,1,1,15.848759354076403,343537.0,-1681.0,-1681.0,-0.004917275109987831,229.0,0,0,3,False,5,2025-05,0.6931471805599453,345304.0,1767.0,True
PRD000075,2025-05-16,Electronique & High-Tech,Sahel,2.0,683588.0,406240.0,341794.0,15.0,1,1,15.864021268215833,343537.0,-1743.0,-3486.0,-0.005099562894609034,228.0,0,0,4,False,5,2025-05,1.0986122886681098,345304.0,1767.0,True
PRD000078,2025-09-28,Alimentation & Epicerie,Prime,6.0,63673.0,13950.0,10612.166666666666,25.0,1,1,23.92712066905616,11478.0,-865.8333333333339,-5195.0,-0.0815887424811145,,,,6,True,9,2025-09,1.9459101490553132,10462.5,-1015.5,False
PRD000078,2025-09-29,Alimentation & Epicerie,Prime,8.0,83686.0,13950.0,10460.75,25.0,1,1,25.01254480286739,11478.0,-1017.25,-8138.0,-0.09724446143918936,244.0,0,0,0,False,9,2025-09,2.1972245773362196,10462.5,-1015.5,False
PRD000078,2025-09-30,Alimentation & Epicerie,Prime,8.0,84292.0,13950.0,10536.5,25.0,1,1,24.46953405017921,11478.0,-941.5,-7532.0,-0.08935604802353722,236.0,0,0,1,False,9,2025-09,2.1972245773362196,10462.5,-1015.5,False
PRD000078,2025-10-01,Alimentation & Epicerie,Prime,7.0,72485.0,13950.0,10355.0,25.0,1,1,25.770609318996417,11478.0,-1123.0,-7861.0,-0.10845002414292612,228.0,0,0,2,False,10,2025-10,2.0794415416798357,10462.5,-1015.5,False
PRD000081,2025-09-26,Alimentation & Epicerie,Sunu,2.0,21794.0,14710.0,10897.0,25.0,1,1,25.921142080217543,12339.0,-1442.0,-2884.0,-0.13232999908231624,58.0,0,0,4,False,9,2025-09,1.0986122886681098,11032.5,-1306.5,False
PRD000081,2025-09-27,Alimentation & Epicerie,Sunu,1.0,11206.0,14710.0,11206.0,25.0,1,1,23.82053025152957,12339.0,-1133.0,-1133.0,-0.10110655006246654,56.0,0,0,5,True,9,2025-09,0.6931471805599453,11032.5,-1306.5,False
PRD000081,2025-09-28,Alimentation & Epicerie,Sunu,3.0,32770.0,14710.0,10923.333333333334,25.0,1,1,25.742125538182638,12339.0,-1415.666666666666,-4247.0,-0.12960024412572468,55.0,0,0,6,True,9,2025-09,1.3862943611198906,11032.5,-1306.5,False
PRD000081,2025-10-01,Alimentation & Epicerie,Sunu,1.0,11232.0,14710.0,11232.0,25.0,1,1,23.643779741672333,12339.0,-1107.0,-1107.0,-0.0985576923076923,52.0,0,0,2,False,10,2025-10,0.6931471805599453,11032.5,-1306.5,False
PRD000082,2025-04-01,Telephonie & Accessoires,Lumo,1.0,186947.0,249220.0,186947.0,25.0,1,1,24.987159939009707,197025.0,-10078.0,-10078.0,-0.05390832695897768,174.0,0,0,1,False,4,2025-04,0.6931471805599453,186915.0,-10110.0,False
PRD000082,2025-04-02,Telephonie & Accessoires,Lumo,5.0,931054.0,249220.0,186210.8,25.0,1,1,25.282561592167564,197025.0,-10814.200000000012,-54071.0,-0.05807504183430828,173.0,0,0,2,False,4,2025-04,1.791759469228055,186915.0,-10110.0,False
PRD000082,2025-04-03,Telephonie & Accessoires,Lumo,1.0,187061.0,249220.0,187061.0,25.0,1,1,24.941417221731797,197025.0,-9964.0,-9964.0,-0.0532660469044857,168.0,0,0,3,False,4,2025-04,0.6931471805599453,186915.0,-10110.0,False
PRD000082,2025-04-04,Telephonie & Accessoires,Lumo,1.0,184008.0,249220.0,184008.0,25.0,1,1,26.16643929058663,197025.0,-13017.0,-13017.0,-0.0707414895004565,167.0,0,0,4,False,4,2025-04,0.6931471805599453,186915.0,-10110.0,False
PRD000082,2025-04-05,Telephonie & Accessoires,Lumo,3.0,558153.0,249220.0,186051.0,25.0,1,1,25.346681646737824,197025.0,-10974.0,-32922.0,-0.05898382701517326,166.0,0,0,5,True,4,2025-04,1.3862943611198906,186915.0,-10110.0,False
PRD000082,2025-04-06,Telephonie & Accessoires,Lumo,4.0,746392.0,249220.0,186598.0,25.0,1,1,25.12719685418505,197025.0,-10427.0,-41708.0,-0.055879484238845006,163.0,0,0,6,True,4,2025-04,1.6094379124341003,186915.0,-10110.0,False
PRD000082,2025-04-07,Telephonie & Accessoires,Lumo,2.0,379476.0,249220.0,189738.0,25.0,1,1,23.867265869512877,197025.0,-7287.0,-14574.0,-0.038405590867406636,159.0,0,0,0,False,4,2025-04,1.0986122886681098,186915.0,-10110.0,False
PRD000082,2025-04-08,Telephonie & Accessoires,Lumo,4.0,740900.0,249220.0,185225.0,25.0,1,1,25.67811572104968,197025.0,-11800.0,-47200.0,-0.06370630314482387,157.0,0,0,1,False,4,2025-04,1.6094379124341003,186915.0,-10110.0,False
PRD000082,2025-04-09,Telephonie & Accessoires,Lumo,5.0,921155.0,249220.0,184231.0,25.0,1,1,26.076960115560542,197025.0,-12794.0,-63970.0,-0.06944542449424906,153.0,0,0,2,False,4,2025-04,1.791759469228055,186915.0,-10110.0,False
PRD000082,2025-04-10,Telephonie & Accessoires,Lumo,1.0,189516.0,249220.0,189516.0,25.0,1,1,23.956343792633017,197025.0,-7509.0,-7509.0,-0.03962198442347876,148.0,0,0,3,False,4,2025-04,0.6931471805599453,186915.0,-10110.0,False
PRD000082,2025-06-27,Telephonie & Accessoires,Lumo,1.0,187052.0,249220.0,187052.0,25.0,1,1,24.945028488885324,197025.0,-9973.0,-9973.0,-0.05331672476102902,88.0,0,0,4,False,6,2025-06,0.6931471805599453,186915.0,-10110.0,False
PRD000082,2025-06-29,Telephonie & Accessoires,Lumo,2.0,370322.0,249220.0,185161.0,25.0,1,1,25.703795843030253,197025.0,-11864.0,-23728.0,-0.06407396806022866,87.0,0,0,6,True,6,2025-06,1.0986122886681098,186915.0,-10110.0,False
PRD000082,2025-06-30,Telephonie & Accessoires,Lumo,1.0,189977.0,249220.0,189977.0,25.0,1,1,23.771366663991657,197025.0,-7048.0,-7048.0,-0.037099227801260154,85.0,0,0,0,False,6,2025-06,0.6931471805599453,186915.0,-10110.0,False
PRD000082,2025-07-01,Telephonie & Accessoires,Lumo,2.0,368564.0,249220.0,184282.0,25.0,1,1,26.056496268357275,197025.0,-12743.0,-25486.0,-0.06914945572546423,84.0,0,0,1,False,7,2025-07,1.0986122886681098,186915.0,-10110.0,False
PRD000082,2025-07-04,Telephonie & Accessoires,Lumo,3.0,571581.0,249220.0,190527.0,25.0,1,1,23.55067811572105,197025.0,-6498.0,-19494.0,-0.03410540238391409,82.0,0,0,4,False,7,2025-07,1.3862943611198906,186915.0,-10110.0,False
PRD000082,2025-07-05,Telephonie & Accessoires,Lumo,2.0,380342.0,249220.0,190171.0,25.0,1,1,23.693523794238025,197025.0,-6854.0,-13708.0,-0.03604124708814698,79.0,0,0,5,True,7,2025-07,1.0986122886681098,186915.0,-10110.0,False
PRD000082,2025-07-07,Telephonie & Accessoires,Lumo,5.0,925059.0,249220.0,185011.8,25.0,1,1,25.763662627397487,197025.0,-12013.200000000012,-60066.0,-0.06493207460280918,77.0,0,0,0,False,7,2025-07,1.791759469228055,186915.0,-10110.0,False
PRD000082,2025-07-09,Telephonie & Accessoires,Lumo,1.0,187420.0,249220.0,187420.0,25.0,1,2,24.797367787496995,197025.0,-9605.0,-9605.0,-0.05124853270728844,72.0,0,0,2,False,7,2025-07,0.6931471805599453,186915.0,-10110.0,False
PRD000082,2026-03-23,Telephonie & Accessoires,Lumo,1.0,196334.0,249220.0,196334.0,20.0,1,1,21.22060829788941,197025.0,-691.0,-691.0,-0.003519512667189585,246.0,0,0,0,False,3,2026-03,0.6931471805599453,199376.0,2351.0,True
PRD000082,2026-04-22,Telephonie & Accessoires,Lumo,1.0,184004.0,249220.0,184004.0,25.0,1,1,26.168044298210415,197025.0,-13021.0,-13021.0,-0.07076476598334819,216.0,0,0,2,False,4,2026-04,0.6931471805599453,186915.0,-10110.0,False
PRD000082,2026-04-23,Telephonie & Accessoires,Lumo,1.0,185519.0,249220.0,185519.0,25.0,1,1,25.560147660701393,197025.0,-11506.0,-11506.0,-0.06202060166344148,215.0,0,0,3,False,4,2026-04,0.6931471805599453,186915.0,-10110.0,False
PRD000082,2026-04-24,Telephonie & Accessoires,Lumo,2.0,376439.0,249220.0,188219.5,25.0,1,1,24.47656688869272,197025.0,-8805.5,-17611.0,-0.04678314414818868,214.0,0,0,4,False,4,2026-04,1.0986122886681098,186915.0,-10110.0,False
PRD000082,2026-04-27,Telephonie & Accessoires,Lumo,1.0,189075.0,249220.0,189075.0,25.0,1,1,24.133295883155448,197025.0,-7950.0,-7950.0,-0.04204680682268941,212.0,0,0,0,False,4,2026-04,0.6931471805599453,186915.0,-10110.0,False
PRD000082,2026-04-28,Telephonie & Accessoires,Lumo,2.0,370244.0,249220.0,185122.0,25.0,1,1,25.71944466736217,197025.0,-11903.0,-23806.0,-0.06429813852486468,211.0,0,0,1,False,4,2026-04,1.0986122886681098,186915.0,-10110.0,False
PRD000082,2026-04-29,Telephonie & Accessoires,Lumo,1.0,190083.0,249220.0,190083.0,25.0,1,1,23.728833961961314,197025.0,-6942.0,-6942.0,-0.03652088824355676,209.0,0,0,2,False,4,2026-04,0.6931471805599453,186915.0,-10110.0,False
PRD000086,2025-05-05,Bebe & Enfant,Djoloff,2.0,25007.0,17770.0,12503.5,30.0,1,1,29.637028700056277,12515.0,-11.5,-23.0,-0.0009197424721078099,156.0,0,0,0,False,5,2025-05,1.0986122886681098,12439.0,-76.0,False
PRD000086,2025-05-06,Bebe & Enfant,Djoloff,3.0,37422.0,17770.0,12474.0,30.0,1,1,29.803038829487903,12515.0,-41.0,-123.0,-0.0032868366201699536,154.0,0,0,1,False,5,2025-05,1.3862943611198906,12439.0,-76.0,False
PRD000086,2025-05-07,Bebe & Enfant,Djoloff,9.0,111606.0,17770.0,12400.666666666666,30.0,1,1,30.215719377227547,12515.0,-114.33333333333394,-1029.0,-0.00921993441212843,151.0,0,0,2,False,5,2025-05,2.302585092994046,12439.0,-76.0,False
PRD000086,2025-05-08,Bebe & Enfant,Djoloff,2.0,24840.0,17770.0,12420.0,30.0,1,1,30.106921778277997,12515.0,-95.0,-190.0,-0.007648953301127214,142.0,0,0,3,False,5,2025-05,1.0986122886681098,12439.0,-76.0,False
PRD000086,2026-02-13,Bebe & Enfant,Djoloff,2.0,24898.0,17770.0,12449.0,30.0,1,1,29.94372537985368,12515.0,-66.0,-132.0,-0.005301630653064503,257.0,0,0,4,False,2,2026-02,1.0986122886681098,12439.0,-76.0,False
PRD000086,2026-02-14,Bebe & Enfant,Djoloff,1.0,12391.0,17770.0,12391.0,30.0,1,1,30.27011817670231,12515.0,-124.0,-124.0,-0.01000726333629247,255.0,0,0,5,True,2,2026-02,0.6931471805599453,12439.0,-76.0,False
PRD000086,2026-02-15,Bebe & Enfant,Djoloff,6.0,74003.0,17770.0,12333.833333333334,30.0,1,1,30.59182142187207,12515.0,-181.16666666666606,-1087.0,-0.014688593705660532,254.0,0,0,6,True,2,2026-02,1.9459101490553132,12439.0,-76.0,False
PRD000086,2026-02-21,Bebe & Enfant,Djoloff,2.0,24574.0,17770.0,12287.0,30.0,1,1,30.855374226223976,12515.0,-228.0,-456.0,-0.01855619760722715,247.0,0,0,5,True,2,2026-02,1.0986122886681098,12439.0,-76.0,False
PRD000093,2025-08-22,Sport & Loisirs,Lumo,3.0,16548.0,7830.0,5516.0,30.0,1,1,29.553001277139213,5543.0,-27.0,-81.0,-0.004894851341551849,22.0,0,1,4,False,8,2025-08,1.3862943611198906,5481.0,-62.0,False
PRD000093,2025-09-20,Sport & Loisirs,Lumo,1.0,5511.0,7830.0,5511.0,30.0,1,1,29.616858237547895,5543.0,-32.0,-32.0,-0.005806568680820178,283.0,0,0,5,True,9,2025-09,0.6931471805599453,5481.0,-62.0,False
PRD000093,2025-09-21,Sport & Loisirs,Lumo,1.0,5399.0,7830.0,5399.0,30.0,1,1,31.04725415070243,5543.0,-144.0,-144.0,-0.02667160585293573,282.0,0,0,6,True,9,2025-09,0.6931471805599453,5481.0,-62.0,False
PRD000093,2025-09-24,Sport & Loisirs,Lumo,1.0,5427.0,7830.0,5427.0,30.0,1,1,30.689655172413786,5543.0,-116.0,-116.0,-0.021374608439285056,281.0,0,0,2,False,9,2025-09,0.6931471805599453,5481.0,-62.0,False
PRD000093,2025-09-27,Sport & Loisirs,Lumo,5.0,27440.0,7830.0,5488.0,30.0,1,1,29.910600255427845,5543.0,-55.0,-275.0,-0.010021865889212828,280.0,0,0,5,True,9,2025-09,1.791759469228055,5481.0,-62.0,False
PRD000093,2025-09-28,Sport & Loisirs,Lumo,5.0,27015.0,7830.0,5403.0,30.0,1,1,30.996168582375482,5543.0,-140.0,-700.0,-0.025911530631130855,275.0,0,0,6,True,9,2025-09,1.791759469228055,5481.0,-62.0,False
PRD000095,2025-04-01,Telephonie & Accessoires,Lumo,2.0,319728.0,211490.0,159864.0,25.0,1,1,24.41061043075323,169119.0,-9255.0,-18510.0,-0.057892959015162886,,,,1,False,4,2025-04,1.0986122886681098,158617.5,-10501.5,False
PRD000095,2025-04-02,Telephonie & Accessoires,Lumo,11.0,1767790.0,211490.0,160708.18181818182,25.0,1,1,24.011451218411352,169119.0,-8410.818181818177,-92519.0,-0.05233596750745277,479.0,0,0,2,False,4,2025-04,2.4849066497880004,158617.5,-10501.5,False
PRD000095,2025-04-03,Telephonie & Accessoires,Lumo,11.0,1754769.0,211490.0,159524.45454545456,25.0,1,1,24.57115960780436,169119.0,-9594.545454545441,-105540.0,-0.06014466861450131,468.0,0,0,3,False,4,2025-04,2.4849066497880004,158617.5,-10501.5,False
PRD000095,2025-04-04,Telephonie & Accessoires,Lumo,3.0,473448.0,211490.0,157816.0,25.0,1,1,25.378977729443474,169119.0,-11303.0,-33909.0,-0.07162138186242206,457.0,0,0,4,False,4,2025-04,1.3862943611198906,158617.5,-10501.5,False
PRD000095,2025-04-05,Telephonie & Accessoires,Lumo,2.0,319384.0,211490.0,159692.0,25.0,1,1,24.491938153104165,169119.0,-9427.0,-18854.0,-0.059032387345640355,454.0,0,0,5,True,4,2025-04,1.0986122886681098,158617.5,-10501.5,False
PRD000095,2025-04-06,Telephonie & Accessoires,Lumo,5.0,792251.0,211490.0,158450.2,25.0,1,1,25.079105395054135,169119.0,-10668.799999999988,-53344.0,-0.06733219648823408,452.0,0,0,6,True,4,2025-04,1.791759469228055,158617.5,-10501.5,False
PRD000095,2025-04-07,Telephonie & Accessoires,Lumo,5.0,794052.0,211490.0,158810.4,25.0,1,1,24.908790013712235,169119.0,-10308.600000000006,-51543.0,-0.06491136600625656,447.0,0,0,0,False,4,2025-04,1.791759469228055,158617.5,-10501.5,False
PRD000095,2025-04-09,Telephonie & Accessoires,Lumo,2.0,319940.0,211490.0,159970.0,25.0,1,1,24.36048985767648,169119.0,-9149.0,-18298.0,-0.057191973495030315,442.0,0,0,2,False,4,2025-04,1.0986122886681098,158617.5,-10501.5,False
PRD000095,2025-06-25,Telephonie & Accessoires,Lumo,3.0,472687.0,211490.0,157562.33333333334,25.0,1,1,25.498920358724597,169119.0,-11556.666666666657,-34670.0,-0.07334663318432698,251.0,0,0,2,False,6,2025-06,1.3862943611198906,158617.5,-10501.5,False
PRD000095,2025-06-26,Telephonie & Accessoires,Lumo,2.0,314918.0,211490.0,157459.0,25.0,1,1,25.547780036881175,169119.0,-11660.0,-23320.0,-0.07405102280593678,248.0,0,0,3,False,6,2025-06,1.0986122886681098,158617.5,-10501.5,False
PRD000095,2025-06-27,Telephonie & Accessoires,Lumo,1.0,157154.0,211490.0,157154.0,25.0,1,1,25.69199489337557,169119.0,-11965.0,-11965.0,-0.07613551039108137,246.0,0,0,4,False,6,2025-06,0.6931471805599453,158617.5,-10501.5,False
PRD000095,2025-06-28,Telephonie & Accessoires,Lumo,5.0,789062.0,211490.0,157812.4,25.0,1,1,25.380679937585704,169119.0,-11306.600000000006,-56533.0,-0.07164582757755415,245.0,0,0,5,True,6,2025-06,1.791759469228055,158617.5,-10501.5,False
PRD000095,2025-06-29,Telephonie & Accessoires,Lumo,2.0,322177.0,211490.0,161088.5,25.0,1,1,23.831623244597854,169119.0,-8030.5,-16061.0,-0.04985147915586774,240.0,0,0,6,True,6,2025-06,1.0986122886681098,158617.5,-10501.5,False
PRD000095,2025-06-30,Telephonie & Accessoires,Lumo,4.0,635521.0,211490.0,158880.25,25.0,1,1,24.875762447397044,169119.0,-10238.75,-40955.0,-0.06444318913143704,238.0,0,0,0,False,6,2025-06,1.6094379124341003,158617.5,-10501.5,False
PRD000095,2025-07-01,Telephonie & Accessoires,Lumo,3.0,473621.0,211490.0,157873.66666666666,25.0,1,1,25.351710876794808,169119.0,-11245.333333333343,-33736.0,-0.0712299496855081,234.0,0,0,1,False,7,2025-07,1.3862943611198906,158617.5,-10501.5,False
PRD000095,2025-07-03,Telephonie & Accessoires,Lumo,12.0,1929416.0,211490.0,160784.66666666666,25.0,1,1,23.975286459564682,169119.0,-8334.333333333343,-100012.0,-0.05183537401991075,231.0,0,0,3,False,7,2025-07,2.5649493574615367,158617.5,-10501.5,False
PRD000095,2025-07-04,Telephonie & Accessoires,Lumo,3.0,479517.0,211490.0,159839.0,25.0,1,1,24.422431320629812,169119.0,-9280.0,-27840.0,-0.05805842128641946,219.0,0,0,4,False,7,2025-07,1.3862943611198906,158617.5,-10501.5,False
PRD000095,2025-07-05,Telephonie & Accessoires,Lumo,10.0,1588151.0,211490.0,158815.1,25.0,1,1,24.906567686415425,169119.0,-10303.899999999994,-103039.0,-0.06487985084541706,216.0,0,0,5,True,7,2025-07,2.3978952727983707,158617.5,-10501.5,False
PRD000095,2025-07-06,Telephonie & Accessoires,Lumo,3.0,484098.0,211490.0,161366.0,25.0,1,1,23.70041136696771,169119.0,-7753.0,-23259.0,-0.04804605679015406,206.0,0,0,6,True,7,2025-07,1.3862943611198906,158617.5,-10501.5,False
PRD000095,2025-07-07,Telephonie & Accessoires,Lumo,1.0,160585.0,211490.0,160585.0,25.0,1,1,24.06969596671238,169119.0,-8534.0,-8534.0,-0.05314319519257714,203.0,0,0,0,False,7,2025-07,0.6931471805599453,158617.5,-10501.5,False
PRD000095,2025-07-08,Telephonie & Accessoires,Lumo,1.0,160264.0,211490.0,160264.0,25.0,1,2,24.221476192727785,169119.0,-8855.0,-8855.0,-0.05525258323765787,202.0,0,0,1,False,7,2025-07,0.6931471805599453,158617.5,-10501.5,False
PRD000095,2025-07-09,Telephonie & Accessoires,Lumo,4.0,639708.0,211490.0,159927.0,25.0,1,2,24.380821788264218,169119.0,-9192.0,-36768.0,-0.057476223526984185,201.0,0,0,2,False,7,2025-07,1.6094379124341003,158617.5,-10501.5,False
PRD000095,2026-03-23,Telephonie & Accessoires,Lumo,2.0,335735.0,211490.0,167867.5,20.0,1,1,20.626270745661735,169119.0,-1251.5,-2503.0,-0.007455284673924375,92.0,0,0,0,False,3,2026-03,1.0986122886681098,169192.0,73.0,True
PRD000095,2026-03-25,Telephonie & Accessoires,Lumo,4.0,669188.0,211490.0,167297.0,20.0,1,1,20.89602345264552,169119.0,-1822.0,-7288.0,-0.010890810952975845,87.0,0,0,2,False,3,2026-03,1.6094379124341003,169192.0,73.0,True
PRD000095,2026-03-28,Telephonie & Accessoires,Lumo,1.0,168724.0,211490.0,168724.0,20.0,1,1,20.221287058489768,169119.0,-395.0,-395.0,-0.0023411014437780043,75.0,0,0,5,True,3,2026-03,0.6931471805599453,169192.0,73.0,True
PRD000095,2026-03-29,Telephonie & Accessoires,Lumo,9.0,1508650.0,211490.0,167627.77777777778,20.0,1,1,20.73961994525615,169119.0,-1491.222222222219,-13421.0,-0.008896032877075511,74.0,0,0,6,True,3,2026-03,2.302585092994046,169192.0,73.0,True
PRD000095,2026-04-02,Telephonie & Accessoires,Lumo,1.0,167824.0,211490.0,167824.0,20.0,1,1,20.646839094047,169119.0,-1295.0,-1295.0,-0.0077164171989703495,52.0,0,0,3,False,4,2026-04,0.6931471805599453,169192.0,73.0,True
PRD000095,2026-04-04,Telephonie & Accessoires,Lumo,1.0,166219.0,211490.0,166219.0,20.0,1,1,21.40574022412407,169119.0,-2900.0,-2900.0,-0.01744686227206276,51.0,0,0,5,True,4,2026-04,0.6931471805599453,169192.0,73.0,True
PRD000095,2026-04-20,Telephonie & Accessoires,Lumo,6.0,936792.0,211490.0,156132.0,25.0,1,1,26.175232871530575,169119.0,-12987.0,-77922.0,-0.08317961724694489,148.0,0,0,0,False,4,2026-04,1.9459101490553132,158617.5,-10501.5,False
PRD000095,2026-04-21,Telephonie & Accessoires,Lumo,9.0,1424946.0,211490.0,158327.33333333334,25.0,1,1,25.13720112850095,169119.0,-10791.666666666657,-97125.0,-0.06816047766020601,142.0,0,0,1,False,4,2026-04,2.302585092994046,158617.5,-10501.5,False
PRD000095,2026-04-22,Telephonie & Accessoires,Lumo,6.0,952907.0,211490.0,158817.83333333334,25.0,1,1,24.90527526912225,169119.0,-10301.166666666657,-61807.0,-0.0648615237373636,133.0,0,0,2,False,4,2026-04,1.9459101490553132,158617.5,-10501.5,False
PRD000095,2026-04-23,Telephonie & Accessoires,Lumo,8.0,1276351.0,211490.0,159543.875,25.0,1,1,24.561976925622965,169119.0,-9575.125,-76601.0,-0.06001562266179131,127.0,0,0,3,False,4,2026-04,2.1972245773362196,158617.5,-10501.5,False
PRD000095,2026-04-24,Telephonie & Accessoires,Lumo,1.0,159397.0,211490.0,159397.0,25.0,1,1,24.631424653647926,169119.0,-9722.0,-9722.0,-0.06099236497550142,119.0,0,0,4,False,4,2026-04,0.6931471805599453,158617.5,-10501.5,False
PRD000095,2026-04-25,Telephonie & Accessoires,Lumo,10.0,1580334.0,211490.0,158033.4,25.0,1,1,25.276183271076647,169119.0,-11085.600000000006,-110856.0,-0.07014719673183015,118.0,0,0,5,True,4,2026-04,2.3978952727983707,158617.5,-10501.5,False
PRD000095,2026-04-26,Telephonie & Accessoires,Lumo,2.0,318446.0,211490.0,159223.0,25.0,1,1,24.71369804718899,169119.0,-9896.0,-19792.0,-0.06215182479918102,108.0,0,0,6,True,4,2026-04,1.0986122886681098,158617.5,-10501.5,False
PRD000095,2026-04-27,Telephonie & Accessoires,Lumo,3.0,471485.0,211490.0,157161.66666666666,25.0,1,1,25.688369820480094,169119.0,-11957.333333333343,-35872.0,-0.07608301430586345,106.0,0,0,0,False,4,2026-04,1.3862943611198906,158617.5,-10501.5,False
PRD000095,2026-04-28,Telephonie & Accessoires,Lumo,7.0,1114436.0,211490.0,159205.14285714287,25.0,1,1,24.722141539957974,169119.0,-9913.85714285713,-69397.0,-0.0622709603781643,103.0,0,0,1,False,4,2026-04,2.0794415416798357,158617.5,-10501.5,False
PRD000097,2025-06-10,Alimentation & Epicerie,Cauri,6.0,3327.0,660.0,554.5,15.0,1,1,15.984848484848479,580.0,-25.5,-153.0,-0.045987376014427414,250.0,0,0,1,False,6,2025-06,1.9459101490553132,561.0,-19.0,False
PRD000097,2025-06-11,Alimentation & Epicerie,Cauri,4.0,2280.0,660.0,570.0,15.0,1,1,13.636363636363635,580.0,-10.0,-40.0,-0.017543859649122806,244.0,0,0,2,False,6,2025-06,1.6094379124341003,561.0,-19.0,False
PRD000097,2025-06-12,Alimentation & Epicerie,Cauri,1.0,554.0,660.0,554.0,15.0,1,1,16.060606060606062,580.0,-26.0,-26.0,-0.04693140794223827,240.0,0,0,3,False,6,2025-06,0.6931471805599453,561.0,-19.0,False
PRD000097,2025-06-15,Alimentation & Epicerie,Cauri,1.0,552.0,660.0,552.0,15.0,1,1,16.36363636363637,580.0,-28.0,-28.0,-0.050724637681159424,239.0,0,0,6,True,6,2025-06,0.6931471805599453,561.0,-19.0,False
PRD000097,2025-09-26,Alimentation & Epicerie,Cauri,5.0,2435.0,660.0,487.0,25.0,1,1,26.212121212121207,580.0,-93.0,-465.0,-0.19096509240246407,127.0,0,0,4,False,9,2025-09,1.791759469228055,495.0,-85.0,False
PRD000097,2025-09-28,Alimentation & Epicerie,Cauri,2.0,970.0,660.0,485.0,25.0,1,1,26.515151515151516,580.0,-95.0,-190.0,-0.1958762886597938,122.0,0,0,6,True,9,2025-09,1.0986122886681098,495.0,-85.0,False
PRD000097,2025-09-29,Alimentation & Epicerie,Cauri,3.0,1485.0,660.0,495.0,25.0,1,1,25.0,580.0,-85.0,-255.0,-0.1717171717171717,120.0,0,0,0,False,9,2025-09,1.3862943611198906,495.0,-85.0,False
PRD000097,2025-10-01,Alimentation & Epicerie,Cauri,1.0,499.0,660.0,499.0,25.0,1,1,24.39393939393939,580.0,-81.0,-81.0,-0.1623246492985972,117.0,0,0,2,False,10,2025-10,0.6931471805599453,495.0,-85.0,False
PRD000099,2026-04-21,Telephonie & Accessoires,Teranga,1.0,116740.0,158540.0,116740.0,25.0,1,1,26.365585971994456,119422.0,-2682.0,-2682.0,-0.02297413054651362,289.0,0,0,1,False,4,2026-04,0.6931471805599453,118905.0,-517.0,False
PRD000099,2026-04-24,Telephonie & Accessoires,Teranga,4.0,466728.0,158540.0,116682.0,25.0,1,1,26.402169799419706,119422.0,-2740.0,-10960.0,-0.02348262799746319,287.0,0,0,4,False,4,2026-04,1.6094379124341003,118905.0,-517.0,False
PRD000099,2026-04-28,Telephonie & Accessoires,Teranga,10.0,1180135.0,158540.0,118013.5,25.0,1,1,25.56231865775199,119422.0,-1408.5,-14085.0,-0.01193507522444466,283.0,0,0,1,False,4,2026-04,2.3978952727983707,118905.0,-517.0,False
PRD000099,2026-04-29,Telephonie & Accessoires,Teranga,2.0,237042.0,158540.0,118521.0,25.0,1,1,25.242210167781,119422.0,-901.0,-1802.0,-0.007602028332531788,273.0,0,0,2,False,4,2026-04,1.0986122886681098,118905.0,-517.0,False
PRD000112,2025-05-05,Bebe & Enfant,Dakaroise,1.0,14966.0,21770.0,14966.0,30.0,1,1,31.254019292604507,15923.0,-957.0,-957.0,-0.06394494186823467,355.0,0,0,0,False,5,2025-05,0.6931471805599453,15238.999999999998,-684.0000000000018,False
PRD000112,2025-05-06,Bebe & Enfant,Dakaroise,2.0,29896.0,21770.0,14948.0,30.0,1,1,31.33670188332568,15923.0,-975.0,-1950.0,-0.06522611720631523,354.0,0,0,1,False,5,2025-05,1.0986122886681098,15238.999999999998,-684.0000000000018,False
PRD000112,2025-05-07,Bebe & Enfant,Dakaroise,3.0,46171.0,21770.0,15390.333333333334,30.0,1,1,29.304853774307148,15923.0,-532.6666666666661,-1598.0,-0.0346104697754001,352.0,0,0,2,False,5,2025-05,1.3862943611198906,15238.999999999998,-684.0000000000018,False
PRD000112,2025-05-08,Bebe & Enfant,Dakaroise,3.0,45369.0,21770.0,15123.0,30.0,1,1,30.532843362425353,15923.0,-800.0,-2400.0,-0.05289955696621041,349.0,0,0,3,False,5,2025-05,1.3862943611198906,15238.999999999998,-684.0000000000018,False
PRD000112,2026-02-15,Bebe & Enfant,Dakaroise,7.0,107006.0,21770.0,15286.57142857143,30.0,1,1,29.781481724522607,15923.0,-636.4285714285706,-4455.0,-0.04163317944788138,100.0,0,0,6,True,2,2026-02,2.0794415416798357,15238.999999999998,-684.0000000000018,False
PRD000112,2026-02-19,Bebe & Enfant,Dakaroise,1.0,15378.0,21770.0,15378.0,30.0,1,1,29.361506660542027,15923.0,-545.0,-545.0,-0.035440239302900245,93.0,0,0,3,False,2,2026-02,0.6931471805599453,15238.999999999998,-684.0000000000018,False
PRD000112,2026-02-20,Bebe & Enfant,Dakaroise,3.0,45628.0,21770.0,15209.333333333334,30.0,1,1,30.13627315878119,15923.0,-713.6666666666661,-2141.0,-0.046922942053125236,92.0,0,0,4,False,2,2026-02,1.3862943611198906,15238.999999999998,-684.0000000000018,False
PRD000112,2026-02-21,Bebe & Enfant,Dakaroise,3.0,46088.0,21770.0,15362.666666666666,30.0,1,1,29.43193997856377,15923.0,-560.3333333333339,-1681.0,-0.03647370248220799,89.0,0,0,5,True,2,2026-02,1.3862943611198906,15238.999999999998,-684.0000000000018,False
PRD000123,2025-05-04,Bebe & Enfant,Lumo,1.0,21488.0,30570.0,21488.0,30.0,1,1,29.70886490022898,22311.0,-823.0,-823.0,-0.038300446760982876,178.0,0,0,6,True,5,2025-05,0.6931471805599453,21399.0,-912.0,False
PRD000123,2025-05-06,Bebe & Enfant,Lumo,2.0,42807.0,30570.0,21403.5,30.0,1,1,29.98527968596664,22311.0,-907.5,-1815.0,-0.04239960754082276,177.0,0,0,1,False,5,2025-05,1.0986122886681098,21399.0,-912.0,False
PRD000123,2025-05-07,Bebe & Enfant,Lumo,2.0,42578.0,30570.0,21289.0,30.0,1,1,30.359829898593393,22311.0,-1022.0,-2044.0,-0.04800601249471558,175.0,0,0,2,False,5,2025-05,1.0986122886681098,21399.0,-912.0,False
PRD000123,2026-02-14,Bebe & Enfant,Lumo,1.0,21708.0,30570.0,21708.0,30.0,1,1,28.989205103042202,22311.0,-603.0,-603.0,-0.027777777777777776,220.0,0,0,5,True,2,2026-02,0.6931471805599453,21399.0,-912.0,False
PRD000123,2026-02-15,Bebe & Enfant,Lumo,3.0,62991.0,30570.0,20997.0,30.0,1,1,31.31501472031404,22311.0,-1314.0,-3942.0,-0.06258036862408915,219.0,0,0,6,True,2,2026-02,1.3862943611198906,21399.0,-912.0,False
PRD000123,2026-02-16,Bebe & Enfant,Lumo,1.0,21606.0,30570.0,21606.0,30.0,1,1,29.32286555446516,22311.0,-705.0,-705.0,-0.03262982504859761,216.0,0,0,0,False,2,2026-02,0.6931471805599453,21399.0,-912.0,False
PRD000123,2026-02-17,Bebe & Enfant,Lumo,1.0,21077.0,30570.0,21077.0,30.0,1,1,31.05332024860975,22311.0,-1234.0,-1234.0,-0.05854723157944679,215.0,0,0,1,False,2,2026-02,0.6931471805599453,21399.0,-912.0,False
PRD000123,2026-02-20,Bebe & Enfant,Lumo,4.0,84244.0,30570.0,21061.0,30.0,1,1,31.105659142950604,22311.0,-1250.0,-5000.0,-0.05935140781539338,214.0,0,0,4,False,2,2026-02,1.6094379124341003,21399.0,-912.0,False
PRD000127,2025-06-09,Alimentation & Epicerie,Lumo,4.0,16540.0,4840.0,4135.0,15.0,1,1,14.566115702479344,4239.0,-104.0,-416.0,-0.025151148730350664,122.0,0,0,0,False,6,2025-06,1.6094379124341003,4114.0,-125.0,False
PRD000127,2025-06-10,Alimentation & Epicerie,Lumo,11.0,45645.0,4840.0,4149.545454545455,15.0,1,1,14.265589782118704,4239.0,-89.45454545454504,-984.0,-0.021557673348668975,118.0,0,0,1,False,6,2025-06,2.4849066497880004,4114.0,-125.0,False
PRD000127,2025-06-11,Alimentation & Epicerie,Lumo,4.0,16354.0,4840.0,4088.5,15.0,1,1,15.52685950413223,4239.0,-150.5,-602.0,-0.03681056622233093,107.0,0,0,2,False,6,2025-06,1.6094379124341003,4114.0,-125.0,False
PRD000127,2025-06-12,Alimentation & Epicerie,Lumo,9.0,36899.0,4840.0,4099.888888888889,15.0,1,1,15.291551882460974,4239.0,-139.1111111111113,-1252.0,-0.033930458820022276,103.0,0,0,3,False,6,2025-06,2.302585092994046,4114.0,-125.0,False
PRD000127,2025-06-13,Alimentation & Epicerie,Lumo,5.0,20486.0,4840.0,4097.2,15.0,1,1,15.347107438016527,4239.0,-141.80000000000018,-709.0,-0.03460900126915947,94.0,0,0,4,False,6,2025-06,1.791759469228055,4114.0,-125.0,False
PRD000127,2025-06-14,Alimentation & Epicerie,Lumo,1.0,4054.0,4840.0,4054.0,15.0,1,1,16.2396694214876,4239.0,-185.0,-185.0,-0.04563394178589048,89.0,0,0,5,True,6,2025-06,0.6931471805599453,4114.0,-125.0,False
PRD000127,2025-06-15,Alimentation & Epicerie,Lumo,7.0,28789.0,4840.0,4112.714285714285,15.0,1,1,15.026564344746173,4239.0,-126.28571428571468,-884.0,-0.03070617249643971,88.0,0,0,6,True,6,2025-06,2.0794415416798357,4114.0,-125.0,False
PRD000127,2025-09-26,Alimentation & Epicerie,Lumo,1.0,3568.0,4840.0,3568.0,25.0,1,1,26.280991735537185,4239.0,-671.0,-671.0,-0.18806053811659193,46.0,0,1,4,False,9,2025-09,0.6931471805599453,3630.0,-609.0,False
PRD000127,2025-09-27,Alimentation & Epicerie,Lumo,5.0,18040.0,4840.0,3608.0,25.0,1,1,25.454545454545453,4239.0,-631.0,-3155.0,-0.17488913525498892,45.0,0,1,5,True,9,2025-09,1.791759469228055,3630.0,-609.0,False
PRD000127,2025-09-28,Alimentation & Epicerie,Lumo,3.0,10914.0,4840.0,3638.0,25.0,1,1,24.834710743801658,4239.0,-601.0,-1803.0,-0.16520065970313358,40.0,0,1,6,True,9,2025-09,1.3862943611198906,3630.0,-609.0,False
PRD000127,2025-09-30,Alimentation & Epicerie,Lumo,4.0,14335.0,4840.0,3583.75,25.0,1,1,25.95557851239669,4239.0,-655.25,-2621.0,-0.18283920474363446,37.0,0,1,1,False,9,2025-09,1.6094379124341003,3630.0,-609.0,False
PRD000127,2025-10-01,Alimentation & Epicerie,Lumo,17.0,61620.0,4840.0,3624.705882352941,25.0,1,1,25.109382596013617,4239.0,-614.294117647059,-10443.0,-0.16947419668938662,33.0,0,1,2,False,10,2025-10,2.8903717578961645,3630.0,-609.0,False
PRD000131,2026-07-07,Maison & Cuisine,Eco,2.0,84058.0,53090.0,42029.0,20.0,1,1,20.834432096440004,42091.0,-62.0,-124.0,-0.001475171905113136,95.0,0,0,1,False,7,2026-07,1.0986122886681098,42472.0,381.0,True
PRD000139,2025-05-04,Bebe & Enfant,Sunu,4.0,5790.0,2040.0,1447.5,30.0,1,1,29.04411764705882,1472.0,-24.5,-98.0,-0.01692573402417962,292.0,0,0,6,True,5,2025-05,1.6094379124341003,1428.0,-44.0,False
PRD000139,2025-05-06,Bebe & Enfant,Sunu,1.0,1414.0,2040.0,1414.0,30.0,1,1,30.686274509803923,1472.0,-58.0,-58.0,-0.04101838755304102,288.0,0,0,1,False,5,2025-05,0.6931471805599453,1428.0,-44.0,False
PRD000139,2025-05-07,Bebe & Enfant,Sunu,1.0,1422.0,2040.0,1422.0,30.0,1,1,30.294117647058826,1472.0,-50.0,-50.0,-0.035161744022503515,287.0,0,0,2,False,5,2025-05,0.6931471805599453,1428.0,-44.0,False
PRD000139,2025-05-08,Bebe & Enfant,Sunu,1.0,1429.0,2040.0,1429.0,30.0,1,1,29.95098039215687,1472.0,-43.0,-43.0,-0.030090972708187544,286.0,0,0,3,False,5,2025-05,0.6931471805599453,1428.0,-44.0,False
PRD000139,2026-02-14,Bebe & Enfant,Sunu,2.0,2856.0,2040.0,1428.0,30.0,1,1,30.000000000000004,1472.0,-44.0,-88.0,-0.03081232492997199,264.0,0,0,5,True,2,2026-02,1.0986122886681098,1428.0,-44.0,False
PRD000139,2026-02-15,Bebe & Enfant,Sunu,4.0,5640.0,2040.0,1410.0,30.0,1,1,30.88235294117647,1472.0,-62.0,-248.0,-0.04397163120567376,262.0,0,0,6,True,2,2026-02,1.6094379124341003,1428.0,-44.0,False
PRD000139,2026-02-16,Bebe & Enfant,Sunu,2.0,2802.0,2040.0,1401.0,30.0,1,1,31.323529411764707,1472.0,-71.0,-142.0,-0.05067808708065667,258.0,0,0,0,False,2,2026-02,1.0986122886681098,1428.0,-44.0,False
PRD000139,2026-02-17,Bebe & Enfant,Sunu,1.0,1401.0,2040.0,1401.0,30.0,1,1,31.323529411764707,1472.0,-71.0,-71.0,-0.05067808708065667,256.0,0,0,1,False,2,2026-02,0.6931471805599453,1428.0,-44.0,False
PRD000139,2026-02-21,Bebe & Enfant,Sunu,1.0,1420.0,2040.0,1420.0,30.0,1,1,30.3921568627451,1472.0,-52.0,-52.0,-0.036619718309859155,255.0,0,0,5,True,2,2026-02,0.6931471805599453,1428.0,-44.0,False
PRD000144,2025-04-27,Alimentation & Epicerie,Sirius,1.0,1460.0,1630.0,1460.0,10.0,1,1,10.429447852760731,1462.0,-2.0,-2.0,-0.0013698630136986301,284.0,0,0,6,True,4,2025-04,0.6931471805599453,1467.0,5.0,True
PRD000144,2025-04-28,Alimentation & Epicerie,Sirius,3.0,4329.0,1630.0,1443.0,10.0,1,1,11.47239263803681,1462.0,-19.0,-57.0,-0.013167013167013167,283.0,0,0,0,False,4,2025-04,1.3862943611198906,1467.0,5.0,True
PRD000144,2025-04-29,Alimentation & Epicerie,Sirius,1.0,1443.0,1630.0,1443.0,10.0,1,1,11.47239263803681,1462.0,-19.0,-19.0,-0.013167013167013167,280.0,0,0,1,False,4,2025-04,0.6931471805599453,1467.0,5.0,True
PRD000144,2025-06-09,Alimentation & Epicerie,Sirius,1.0,1366.0,1630.0,1366.0,15.0,1,1,16.196319018404903,1462.0,-96.0,-96.0,-0.07027818448023426,248.0,0,0,0,False,6,2025-06,0.6931471805599453,1385.5,-76.5,False
PRD000144,2025-06-10,Alimentation & Epicerie,Sirius,1.0,1358.0,1630.0,1358.0,15.0,1,1,16.68711656441718,1462.0,-104.0,-104.0,-0.07658321060382917,247.0,0,0,1,False,6,2025-06,0.6931471805599453,1385.5,-76.5,False
PRD000144,2025-09-28,Alimentation & Epicerie,Sirius,2.0,2438.0,1630.0,1219.0,25.0,1,1,25.214723926380366,1462.0,-243.0,-486.0,-0.19934372436423298,140.0,0,0,6,True,9,2025-09,1.0986122886681098,1222.5,-239.5,False
PRD000144,2026-01-01,Alimentation & Epicerie,Sirius,3.0,4324.0,1630.0,1441.3333333333333,10.0,1,1,11.574642126789369,1462.0,-20.666666666666742,-62.0,-0.01433857539315454,40.0,0,1,3,False,1,2026-01,1.3862943611198906,1467.0,5.0,True
PRD000144,2026-01-02,Alimentation & Epicerie,Sirius,3.0,4371.0,1630.0,1457.0,10.0,1,1,10.613496932515343,1462.0,-5.0,-15.0,-0.0034317089910775567,37.0,0,1,4,False,1,2026-01,1.3862943611198906,1467.0,5.0,True
PRD000144,2026-01-04,Alimentation & Epicerie,Sirius,2.0,2912.0,1630.0,1456.0,10.0,1,1,10.674846625766875,1462.0,-6.0,-12.0,-0.004120879120879121,31.0,0,1,6,True,1,2026-01,1.0986122886681098,1467.0,5.0,True
PRD000144,2026-05-16,Alimentation & Epicerie,Sirius,1.0,1446.0,1630.0,1446.0,10.0,1,1,11.288343558282211,1462.0,-16.0,-16.0,-0.011065006915629323,88.0,0,0,5,True,5,2026-05,0.6931471805599453,1467.0,5.0,True
PRD000144,2026-05-18,Alimentation & Epicerie,Sirius,5.0,7190.0,1630.0,1438.0,10.0,1,1,11.779141104294478,1462.0,-24.0,-120.0,-0.016689847009735744,83.0,0,0,0,False,5,2026-05,1.791759469228055,1467.0,5.0,True
PRD000146,2026-03-23,Telephonie & Accessoires,Atlas,1.0,36958.0,46730.0,36958.0,20.0,1,1,20.911619944361227,37177.0,-219.0,-219.0,-0.005925645327128091,163.0,0,0,0,False,3,2026-03,0.6931471805599453,37384.0,207.0,True
PRD000146,2026-03-27,Telephonie & Accessoires,Atlas,1.0,37026.0,46730.0,37026.0,20.0,1,1,20.766103145730796,37177.0,-151.0,-151.0,-0.0040782153081618325,155.0,0,0,4,False,3,2026-03,0.6931471805599453,37384.0,207.0,True
PRD000146,2026-03-31,Telephonie & Accessoires,Atlas,1.0,36960.0,46730.0,36960.0,20.0,1,1,20.907340038519152,37177.0,-217.0,-217.0,-0.005871212121212121,139.0,0,0,1,False,3,2026-03,0.6931471805599453,37384.0,207.0,True
PRD000146,2026-04-22,Telephonie & Accessoires,Atlas,6.0,211592.0,46730.0,35265.333333333336,25.0,1,1,24.533846922034375,37177.0,-1911.6666666666642,-11470.0,-0.054208098604862115,131.0,0,0,2,False,4,2026-04,1.9459101490553132,35047.5,-2129.5,False
PRD000146,2026-04-23,Telephonie & Accessoires,Atlas,1.0,34806.0,46730.0,34806.0,25.0,1,1,25.516798630430127,37177.0,-2371.0,-2371.0,-0.06812043900476929,125.0,0,0,3,False,4,2026-04,0.6931471805599453,35047.5,-2129.5,False
PRD000146,2026-04-24,Telephonie & Accessoires,Atlas,1.0,35725.0,46730.0,35725.0,25.0,1,1,23.55018189599829,37177.0,-1452.0,-1452.0,-0.04064380685794262,124.0,0,0,4,False,4,2026-04,0.6931471805599453,35047.5,-2129.5,False
PRD000146,2026-04-25,Telephonie & Accessoires,Atlas,1.0,34414.0,46730.0,34414.0,25.0,1,1,26.355660175476135,37177.0,-2763.0,-2763.0,-0.08028709246236997,123.0,0,0,5,True,4,2026-04,0.6931471805599453,35047.5,-2129.5,False
PRD000146,2026-04-27,Telephonie & Accessoires,Atlas,2.0,70486.0,46730.0,35243.0,25.0,1,1,24.58163920393751,37177.0,-1934.0,-3868.0,-0.05487614561756945,122.0,0,0,0,False,4,2026-04,1.0986122886681098,35047.5,-2129.5,False
PRD000146,2026-04-29,Telephonie & Accessoires,Atlas,3.0,105808.0,46730.0,35269.333333333336,25.0,1,1,24.525287110350234,37177.0,-1907.6666666666642,-5723.0,-0.05408853772871609,120.0,0,0,2,False,4,2026-04,1.3862943611198906,35047.5,-2129.5,False
PRD000147,2026-07-06,Maison & Cuisine,Sunu,2.0,188386.0,119030.0,94193.0,20.0,1,1,20.86616819289255,95129.0,-936.0,-1872.0,-0.009937044154024185,260.0,0,0,0,False,7,2026-07,1.0986122886681098,95224.0,95.0,True
PRD000150,2026-04-20,Telephonie & Accessoires,Prime,1.0,159417.0,209710.0,159417.0,25.0,1,1,23.98216584807591,163717.0,-4300.0,-4300.0,-0.026973283903222366,288.0,0,0,0,False,4,2026-04,0.6931471805599453,157282.5,-6434.5,False
PRD000150,2026-04-24,Telephonie & Accessoires,Prime,1.0,159655.0,209710.0,159655.0,25.0,1,1,23.868675790377193,163717.0,-4062.0,-4062.0,-0.02544236008894178,287.0,0,0,4,False,4,2026-04,0.6931471805599453,157282.5,-6434.5,False
PRD000150,2026-04-25,Telephonie & Accessoires,Prime,2.0,308796.0,209710.0,154398.0,25.0,1,1,26.375470888369655,163717.0,-9319.0,-18638.0,-0.060356999442997966,286.0,0,0,5,True,4,2026-04,1.0986122886681098,157282.5,-6434.5,False
PRD000150,2026-04-26,Telephonie & Accessoires,Prime,2.0,310554.0,209710.0,155277.0,25.0,1,1,25.956320633255448,163717.0,-8440.0,-16880.0,-0.05435447619415625,284.0,0,0,6,True,4,2026-04,1.0986122886681098,157282.5,-6434.5,False
PRD000150,2026-04-28,Telephonie & Accessoires,Prime,2.0,312910.0,209710.0,156455.0,25.0,1,1,25.394592532544948,163717.0,-7262.0,-14524.0,-0.04641590233613499,282.0,0,0,1,False,4,2026-04,1.0986122886681098,157282.5,-6434.5,False
PRD000150,2026-04-29,Telephonie & Accessoires,Prime,2.0,319158.0,209710.0,159579.0,25.0,1,1,23.904916313003678,163717.0,-4138.0,-8276.0,-0.025930730233928022,280.0,0,0,2,False,4,2026-04,1.0986122886681098,157282.5,-6434.5,False
PRD000159,2025-06-09,Alimentation & Epicerie,Lumo,1.0,11400.0,13370.0,11400.0,15.0,1,1,14.73448017950636,11505.0,-105.0,-105.0,-0.009210526315789473,47.0,0,1,0,False,6,2025-06,0.6931471805599453,11364.5,-140.5,False
PRD000159,2025-06-10,Alimentation & Epicerie,Lumo,3.0,34230.0,13370.0,11410.0,15.0,1,1,14.65968586387435,11505.0,-95.0,-285.0,-0.008326029798422436,46.0,0,1,1,False,6,2025-06,1.3862943611198906,11364.5,-140.5,False
PRD000159,2025-06-12,Alimentation & Epicerie,Lumo,1.0,11483.0,13370.0,11483.0,15.0,1,1,14.113687359760663,11505.0,-22.0,-22.0,-0.0019158756422537665,42.0,0,1,3,False,6,2025-06,0.6931471805599453,11364.5,-140.5,False
PRD000159,2025-06-13,Alimentation & Epicerie,Lumo,5.0,57171.0,13370.0,11434.2,15.0,1,1,14.478683620044874,11505.0,-70.79999999999927,-354.0,-0.006191950464396221,41.0,0,1,4,False,6,2025-06,1.791759469228055,11364.5,-140.5,False
PRD000159,2025-06-14,Alimentation & Epicerie,Lumo,1.0,11440.0,13370.0,11440.0,15.0,1,1,14.43530291697831,11505.0,-65.0,-65.0,-0.005681818181818182,36.0,0,1,5,True,6,2025-06,0.6931471805599453,11364.5,-140.5,False
PRD000159,2025-06-15,Alimentation & Epicerie,Lumo,1.0,11232.0,13370.0,11232.0,15.0,1,1,15.991024682124156,11505.0,-273.0,-273.0,-0.024305555555555556,35.0,0,1,6,True,6,2025-06,0.6931471805599453,11364.5,-140.5,False
PRD000159,2025-09-26,Alimentation & Epicerie,Lumo,1.0,10118.0,13370.0,10118.0,25.0,1,1,24.323111443530287,11505.0,-1387.0,-1387.0,-0.1370824273571852,126.0,0,0,4,False,9,2025-09,0.6931471805599453,10027.5,-1477.5,False
PRD000159,2025-09-27,Alimentation & Epicerie,Lumo,9.0,90318.0,13370.0,10035.333333333334,25.0,1,1,24.941411119421588,11505.0,-1469.666666666666,-13227.0,-0.14644921278150527,125.0,0,0,5,True,9,2025-09,2.302585092994046,10027.5,-1477.5,False
PRD000159,2025-09-28,Alimentation & Epicerie,Lumo,4.0,39965.0,13370.0,9991.25,25.0,1,1,25.271129394166046,11505.0,-1513.75,-6055.0,-0.1515075691229826,116.0,0,0,6,True,9,2025-09,1.6094379124341003,10027.5,-1477.5,False
PRD000159,2025-09-29,Alimentation & Epicerie,Lumo,2.0,19905.0,13370.0,9952.5,25.0,1,1,25.56095736724009,11505.0,-1552.5,-3105.0,-0.15599095704596835,112.0,0,0,0,False,9,2025-09,1.0986122886681098,10027.5,-1477.5,False
PRD000169,2025-06-09,Alimentation & Epicerie,Kora,4.0,16186.0,4790.0,4046.5,15.0,1,1,15.521920668058453,4133.0,-86.5,-346.0,-0.021376498208328185,142.0,0,0,0,False,6,2025-06,1.6094379124341003,4071.5,-61.5,False
PRD000169,2025-06-10,Alimentation & Epicerie,Kora,3.0,12254.0,4790.0,4084.6666666666665,15.0,1,1,14.725121781489214,4133.0,-48.333333333333485,-145.0,-0.011832870899298227,138.0,0,0,1,False,6,2025-06,1.3862943611198906,4071.5,-61.5,False
PRD000169,2025-06-11,Alimentation & Epicerie,Kora,6.0,24695.0,4790.0,4115.833333333333,15.0,1,1,14.074460681976342,4133.0,-17.16666666666697,-103.0,-0.004170884794492886,135.0,0,0,2,False,6,2025-06,1.9459101490553132,4071.5,-61.5,False
PRD000169,2025-06-13,Alimentation & Epicerie,Kora,5.0,20460.0,4790.0,4092.0,15.0,1,1,14.57202505219206,4133.0,-41.0,-205.0,-0.010019550342130987,129.0,0,0,4,False,6,2025-06,1.791759469228055,4071.5,-61.5,False
PRD000169,2025-06-15,Alimentation & Epicerie,Kora,3.0,12300.0,4790.0,4100.0,15.0,1,1,14.405010438413356,4133.0,-33.0,-99.0,-0.008048780487804878,124.0,0,0,6,True,6,2025-06,1.3862943611198906,4071.5,-61.5,False
PRD000169,2025-09-26,Alimentation & Epicerie,Kora,3.0,10750.0,4790.0,3583.3333333333335,25.0,1,1,25.191370911621437,4133.0,-549.6666666666665,-1649.0,-0.15339534883720926,21.0,0,1,4,False,9,2025-09,1.3862943611198906,3592.5,-540.5,False
PRD000169,2025-09-27,Alimentation & Epicerie,Kora,5.0,18047.0,4790.0,3609.4,25.0,1,1,24.647181628392477,4133.0,-523.5999999999999,-2618.0,-0.14506566188286138,291.0,0,0,5,True,9,2025-09,1.791759469228055,3592.5,-540.5,False
PRD000169,2025-09-28,Alimentation & Epicerie,Kora,2.0,7291.0,4790.0,3645.5,25.0,1,1,23.89352818371607,4133.0,-487.5,-975.0,-0.13372651213825265,286.0,0,0,6,True,9,2025-09,1.0986122886681098,3592.5,-540.5,False
PRD000169,2025-09-29,Alimentation & Epicerie,Kora,6.0,21847.0,4790.0,3641.1666666666665,25.0,1,1,23.983994432846213,4133.0,-491.8333333333335,-2951.0,-0.13507575410811556,284.0,0,0,0,False,9,2025-09,1.9459101490553132,3592.5,-540.5,False
PRD000169,2025-09-30,Alimentation & Epicerie,Kora,8.0,28972.0,4790.0,3621.5,25.0,1,1,24.3945720250522,4133.0,-511.5,-4092.0,-0.14123981775507385,278.0,0,0,1,False,9,2025-09,2.1972245773362196,3592.5,-540.5,False
PRD000169,2025-10-01,Alimentation & Epicerie,Kora,1.0,3610.0,4790.0,3610.0,25.0,1,1,24.634655532359083,4133.0,-523.0,-523.0,-0.1448753462603878,270.0,0,0,2,False,10,2025-10,0.6931471805599453,3592.5,-540.5,False
PRD000173,2025-03-30,Telephonie & Accessoires,Eco,1.0,65565.0,87940.0,65565.0,25.0,1,1,25.443484193768473,69700.0,-4135.0,-4135.0,-0.06306718523602532,356.0,0,0,6,True,3,2025-03,0.6931471805599453,65955.0,-3745.0,False
PRD000173,2025-03-31,Telephonie & Accessoires,Eco,3.0,198637.0,87940.0,66212.33333333333,25.0,1,1,24.7073762413767,69700.0,-3487.6666666666715,-10463.0,-0.052673973126859626,355.0,0,0,0,False,3,2025-03,1.3862943611198906,65955.0,-3745.0,False
PRD000173,2025-04-01,Telephonie & Accessoires,Eco,4.0,261800.0,87940.0,65450.0,25.0,1,1,25.574255173982262,69700.0,-4250.0,-17000.0,-0.06493506493506493,352.0,0,0,1,False,4,2025-04,1.6094379124341003,65955.0,-3745.0,False
PRD000173,2025-04-02,Telephonie & Accessoires,Eco,4.0,263104.0,87940.0,65776.0,25.0,1,1,25.203547873550146,69700.0,-3924.0,-15696.0,-0.05965701775723668,348.0,0,0,2,False,4,2025-04,1.6094379124341003,65955.0,-3745.0,False
PRD000173,2025-04-03,Telephonie & Accessoires,Eco,8.0,528335.0,87940.0,66041.875,25.0,1,1,24.90121105299068,69700.0,-3658.125,-29265.0,-0.05539099245743704,344.0,0,0,3,False,4,2025-04,2.1972245773362196,65955.0,-3745.0,False
PRD000173,2025-04-04,Telephonie & Accessoires,Eco,4.0,266455.0,87940.0,66613.75,25.0,1,1,24.250909711166702,69700.0,-3086.25,-12345.0,-0.046330524854102946,336.0,0,0,4,False,4,2025-04,1.6094379124341003,65955.0,-3745.0,False
PRD000173,2025-04-05,Telephonie & Accessoires,Eco,7.0,458821.0,87940.0,65545.85714285714,25.0,1,1,25.46525228240033,69700.0,-4154.142857142855,-29079.0,-0.06337765708195567,332.0,0,0,5,True,4,2025-04,2.0794415416798357,65955.0,-3745.0,False
PRD000173,2025-04-06,Telephonie & Accessoires,Eco,11.0,727163.0,87940.0,66105.72727272728,25.0,1,1,24.828602146091338,69700.0,-3594.2727272727207,-39537.0,-0.0543715783118777,325.0,0,0,6,True,4,2025-04,2.4849066497880004,65955.0,-3745.0,False
PRD000173,2025-04-07,Telephonie & Accessoires,Eco,1.0,65406.0,87940.0,65406.0,25.0,1,1,25.624289288151015,69700.0,-4294.0,-4294.0,-0.06565146928416353,314.0,0,0,0,False,4,2025-04,0.6931471805599453,65955.0,-3745.0,False
PRD000173,2025-04-08,Telephonie & Accessoires,Eco,4.0,265360.0,87940.0,66340.0,25.0,1,1,24.562201501023427,69700.0,-3360.0,-13440.0,-0.050648176062707266,313.0,0,0,1,False,4,2025-04,1.6094379124341003,65955.0,-3745.0,False
PRD000173,2025-04-09,Telephonie & Accessoires,Eco,3.0,200982.0,87940.0,66994.0,25.0,1,1,23.818512622242437,69700.0,-2706.0,-8118.0,-0.04039167686658507,309.0,0,0,2,False,4,2025-04,1.3862943611198906,65955.0,-3745.0,False
PRD000173,2025-04-10,Telephonie & Accessoires,Eco,1.0,66296.0,87940.0,66296.0,25.0,1,1,24.61223561519218,69700.0,-3404.0,-3404.0,-0.051345480873657534,306.0,0,0,3,False,4,2025-04,0.6931471805599453,65955.0,-3745.0,False
PRD000173,2025-06-25,Telephonie & Accessoires,Eco,4.0,265028.0,87940.0,66257.0,25.0,1,1,24.65658403456903,69700.0,-3443.0,-13772.0,-0.05196432075101499,164.0,0,0,2,False,6,2025-06,1.6094379124341003,65955.0,-3745.0,False
PRD000173,2025-06-26,Telephonie & Accessoires,Eco,2.0,131356.0,87940.0,65678.0,25.0,1,1,25.314987491471452,69700.0,-4022.0,-8044.0,-0.06123816194159384,160.0,0,0,3,False,6,2025-06,1.0986122886681098,65955.0,-3745.0,False
PRD000173,2025-06-27,Telephonie & Accessoires,Eco,6.0,394316.0,87940.0,65719.33333333333,25.0,1,1,25.26798574785839,69700.0,-3980.6666666666715,-23884.0,-0.06057070978605999,158.0,0,0,4,False,6,2025-06,1.9459101490553132,65955.0,-3745.0,False
PRD000173,2025-06-28,Telephonie & Accessoires,Eco,11.0,724710.0,87940.0,65882.72727272728,25.0,1,1,25.082184133810237,69700.0,-3817.2727272727207,-41990.0,-0.05794041754632877,152.0,0,0,5,True,6,2025-06,2.4849066497880004,65955.0,-3745.0,False
PRD000173,2025-06-29,Telephonie & Accessoires,Eco,6.0,394752.0,87940.0,65792.0,25.0,1,1,25.185353650216058,69700.0,-3908.0,-23448.0,-0.05939931906614786,141.0,0,0,6,True,6,2025-06,1.9459101490553132,65955.0,-3745.0,False
PRD000173,2025-06-30,Telephonie & Accessoires,Eco,6.0,389417.0,87940.0,64902.833333333336,25.0,1,1,26.196459707376242,69700.0,-4797.166666666664,-28783.0,-0.07391305464322304,135.0,0,0,0,False,6,2025-06,1.9459101490553132,65955.0,-3745.0,False
PRD000173,2025-07-01,Telephonie & Accessoires,Eco,3.0,197476.0,87940.0,65825.33333333333,25.0,1,1,25.14744901827004,69700.0,-3874.6666666666715,-11624.0,-0.05886284915635326,129.0,0,0,1,False,7,2025-07,1.3862943611198906,65955.0,-3745.0,False
PRD000173,2025-07-02,Telephonie & Accessoires,Eco,3.0,196106.0,87940.0,65368.666666666664,25.0,1,1,25.66674247593056,69700.0,-4331.333333333336,-12994.0,-0.06626008383221323,126.0,0,0,2,False,7,2025-07,1.3862943611198906,65955.0,-3745.0,False
PRD000173,2025-07-04,Telephonie & Accessoires,Eco,5.0,334844.0,87940.0,66968.8,25.0,1,1,23.847168523993634,69700.0,-2731.199999999997,-13656.0,-0.04078317067052115,123.0,0,0,4,False,7,2025-07,1.791759469228055,65955.0,-3745.0,False
PRD000173,2025-07-05,Telephonie & Accessoires,Eco,4.0,259082.0,87940.0,64770.5,25.0,1,1,26.34694109620196,69700.0,-4929.5,-19718.0,-0.07610717842227557,118.0,0,0,5,True,7,2025-07,1.6094379124341003,65955.0,-3745.0,False
PRD000173,2025-07-06,Telephonie & Accessoires,Eco,4.0,261925.0,87940.0,65481.25,25.0,1,1,25.538719581532867,69700.0,-4218.75,-16875.0,-0.06442683974420159,114.0,0,0,6,True,7,2025-07,1.6094379124341003,65955.0,-3745.0,False
PRD000173,2025-07-07,Telephonie & Accessoires,Eco,1.0,64656.0,87940.0,64656.0,25.0,1,1,26.47714350693655,69700.0,-5044.0,-5044.0,-0.07801286810195496,110.0,0,0,0,False,7,2025-07,0.6931471805599453,65955.0,-3745.0,False
PRD000173,2025-07-08,Telephonie & Accessoires,Eco,1.0,66975.0,87940.0,66975.0,25.0,1,2,23.84011826245167,69700.0,-2725.0,-2725.0,-0.04068682344158268,109.0,0,0,1,False,7,2025-07,0.6931471805599453,65955.0,-3745.0,False
PRD000173,2025-07-09,Telephonie & Accessoires,Eco,7.0,457134.0,87940.0,65304.857142857145,25.0,1,2,25.739302771370088,69700.0,-4395.142857142855,-30766.0,-0.06730192897487386,108.0,0,0,2,False,7,2025-07,2.0794415416798357,65955.0,-3745.0,False
PRD000173,2026-03-27,Telephonie & Accessoires,Eco,7.0,487246.0,87940.0,69606.57142857143,20.0,1,1,20.847655869261505,69700.0,-93.42857142856519,-654.0,-0.0013422378018494894,46.0,0,1,4,False,3,2026-03,2.0794415416798357,70352.0,652.0,True
PRD000173,2026-04-21,Telephonie & Accessoires,Eco,3.0,200187.0,87940.0,66729.0,25.0,1,1,24.119854446213328,69700.0,-2971.0,-8913.0,-0.04452337064844371,98.0,0,0,1,False,4,2026-04,1.3862943611198906,65955.0,-3745.0,False
PRD000173,2026-04-22,Telephonie & Accessoires,Eco,1.0,65530.0,87940.0,65530.0,25.0,1,1,25.483284057311806,69700.0,-4170.0,-4170.0,-0.06363497634671143,95.0,0,0,2,False,4,2026-04,0.6931471805599453,65955.0,-3745.0,False
PRD000173,2026-04-24,Telephonie & Accessoires,Eco,4.0,264727.0,87940.0,66181.75,25.0,1,1,24.742153741187177,69700.0,-3518.25,-14073.0,-0.053160425646042904,94.0,0,0,4,False,4,2026-04,1.6094379124341003,65955.0,-3745.0,False
PRD000173,2026-04-25,Telephonie & Accessoires,Eco,6.0,394204.0,87940.0,65700.66666666667,25.0,1,1,25.289212341748158,69700.0,-3999.3333333333285,-23996.0,-0.060872035798723426,90.0,0,0,5,True,4,2026-04,1.9459101490553132,65955.0,-3745.0,False
PRD000173,2026-04-26,Telephonie & Accessoires,Eco,11.0,729510.0,87940.0,66319.09090909091,25.0,1,1,24.585978042880473,69700.0,-3380.9090909090883,-37190.0,-0.05097942454524265,84.0,0,0,6,True,4,2026-04,2.4849066497880004,65955.0,-3745.0,False
PRD000173,2026-04-27,Telephonie & Accessoires,Eco,3.0,198413.0,87940.0,66137.66666666667,25.0,1,1,24.79228261693578,69700.0,-3562.3333333333285,-10687.0,-0.05386239812915477,73.0,0,0,0,False,4,2026-04,1.3862943611198906,65955.0,-3745.0,False
PRD000173,2026-04-28,Telephonie & Accessoires,Eco,1.0,65502.0,87940.0,65502.0,25.0,1,1,25.515123948146467,69700.0,-4198.0,-4198.0,-0.0640896461176758,70.0,0,0,1,False,4,2026-04,0.6931471805599453,65955.0,-3745.0,False
PRD000173,2026-04-29,Telephonie & Accessoires,Eco,1.0,66961.0,87940.0,66961.0,25.0,1,1,23.856038207869002,69700.0,-2739.0,-2739.0,-0.04090440704290557,69.0,0,0,2,False,4,2026-04,0.6931471805599453,65955.0,-3745.0,False
PRD000180,2025-09-26,Alimentation & Epicerie,Prime,4.0,34294.0,11390.0,8573.5,25.0,1,1,24.727831431079895,9347.0,-773.5,-3094.0,-0.09021986353297953,184.0,0,0,4,False,9,2025-09,1.6094379124341003,8542.5,-804.5,False
PRD000180,2025-09-27,Alimentation & Epicerie,Prime,5.0,42155.0,11390.0,8431.0,25.0,1,1,25.97892888498683,9347.0,-916.0,-4580.0,-0.10864666113153837,180.0,0,0,5,True,9,2025-09,1.791759469228055,8542.5,-804.5,False
PRD000180,2025-09-30,Alimentation & Epicerie,Prime,4.0,34428.0,11390.0,8607.0,25.0,1,1,24.433713784021073,9347.0,-740.0,-2960.0,-0.08597653073080051,175.0,0,0,1,False,9,2025-09,1.6094379124341003,8542.5,-804.5,False
PRD000180,2025-10-01,Alimentation & Epicerie,Prime,5.0,42844.0,11390.0,8568.8,25.0,1,1,24.769095697980692,9347.0,-778.2000000000007,-3891.0,-0.09081785080758109,171.0,0,0,2,False,10,2025-10,1.791759469228055,8542.5,-804.5,False
PRD000181,2025-09-29,Beaute & Soins,Eco,2.0,31506.0,22910.0,15753.0,30.0,1,1,31.23963334788302,16026.0,-273.0,-546.0,-0.017330032374785757,197.0,0,0,0,False,9,2025-09,1.0986122886681098,16036.999999999998,10.999999999998181,True
PRD000181,2025-10-01,Beaute & Soins,Eco,5.0,79734.0,22910.0,15946.8,30.0,1,1,30.393714535137494,16026.0,-79.20000000000073,-396.0,-0.004966513657912605,195.0,0,0,2,False,10,2025-10,1.791759469228055,16036.999999999998,10.999999999998181,True
PRD000181,2025-10-02,Beaute & Soins,Eco,4.0,63353.0,22910.0,15838.25,30.0,1,1,30.86752509821039,16026.0,-187.75,-751.0,-0.01185421369153789,190.0,0,0,3,False,10,2025-10,1.6094379124341003,16036.999999999998,10.999999999998181,True
PRD000187,2025-09-26,Alimentation & Epicerie,Sirius,2.0,9662.0,6350.0,4831.0,25.0,1,1,23.92125984251968,5358.0,-527.0,-1054.0,-0.10908714551852619,70.0,0,0,4,False,9,2025-09,1.0986122886681098,4762.5,-595.5,False
PRD000187,2025-09-27,Alimentation & Epicerie,Sirius,2.0,9462.0,6350.0,4731.0,25.0,1,1,25.49606299212599,5358.0,-627.0,-1254.0,-0.13253012048192772,68.0,0,0,5,True,9,2025-09,1.0986122886681098,4762.5,-595.5,False
PRD000187,2025-09-29,Alimentation & Epicerie,Sirius,2.0,9642.0,6350.0,4821.0,25.0,1,1,24.078740157480315,5358.0,-537.0,-1074.0,-0.11138767890479154,66.0,0,0,0,False,9,2025-09,1.0986122886681098,4762.5,-595.5,False
PRD000187,2025-09-30,Alimentation & Epicerie,Sirius,2.0,9658.0,6350.0,4829.0,25.0,1,1,23.952755905511815,5358.0,-529.0,-1058.0,-0.10954648995651274,64.0,0,0,1,False,9,2025-09,1.0986122886681098,4762.5,-595.5,False
PRD000187,2025-10-01,Alimentation & Epicerie,Sirius,4.0,19081.0,6350.0,4770.25,25.0,1,1,24.877952755905508,5358.0,-587.75,-2351.0,-0.12321157172055971,62.0,0,0,2,False,10,2025-10,1.6094379124341003,4762.5,-595.5,False
PRD000191,2025-06-11,Alimentation & Epicerie,Baobab,3.0,6118.0,2380.0,2039.3333333333333,15.0,1,1,14.313725490196083,2077.0,-37.66666666666674,-113.0,-0.018470088264138644,101.0,0,0,2,False,6,2025-06,1.3862943611198906,2023.0,-54.0,False
PRD000191,2025-06-13,Alimentation & Epicerie,Baobab,5.0,10122.0,2380.0,2024.4,15.0,1,1,14.941176470588236,2077.0,-52.59999999999991,-263.0,-0.025983007310808093,98.0,0,0,4,False,6,2025-06,1.791759469228055,2023.0,-54.0,False
PRD000191,2025-06-14,Alimentation & Epicerie,Baobab,2.0,4051.0,2380.0,2025.5,15.0,1,1,14.89495798319328,2077.0,-51.5,-103.0,-0.025425820784991362,93.0,0,0,5,True,6,2025-06,1.0986122886681098,2023.0,-54.0,False
PRD000191,2025-06-15,Alimentation & Epicerie,Baobab,3.0,6042.0,2380.0,2014.0,15.0,1,1,15.378151260504202,2077.0,-63.0,-189.0,-0.03128103277060576,91.0,0,0,6,True,6,2025-06,1.3862943611198906,2023.0,-54.0,False
PRD000191,2025-09-26,Alimentation & Epicerie,Baobab,1.0,1807.0,2380.0,1807.0,25.0,1,1,24.075630252100844,2077.0,-270.0,-270.0,-0.14941892639734367,128.0,0,0,4,False,9,2025-09,0.6931471805599453,1785.0,-292.0,False
PRD000191,2025-09-27,Alimentation & Epicerie,Baobab,4.0,7062.0,2380.0,1765.5,25.0,1,1,25.819327731092436,2077.0,-311.5,-1246.0,-0.17643726989521383,127.0,0,0,5,True,9,2025-09,1.6094379124341003,1785.0,-292.0,False
PRD000191,2025-09-28,Alimentation & Epicerie,Baobab,5.0,8913.0,2380.0,1782.6,25.0,1,1,25.100840336134457,2077.0,-294.4000000000001,-1472.0,-0.16515202513182997,123.0,0,0,6,True,9,2025-09,1.791759469228055,1785.0,-292.0,False
PRD000191,2025-09-29,Alimentation & Epicerie,Baobab,3.0,5329.0,2380.0,1776.3333333333333,25.0,1,1,25.364145658263304,2077.0,-300.66666666666674,-902.0,-0.16926252580221435,118.0,0,0,0,False,9,2025-09,1.3862943611198906,1785.0,-292.0,False
PRD000191,2025-10-01,Alimentation & Epicerie,Baobab,1.0,1805.0,2380.0,1805.0,25.0,1,1,24.15966386554622,2077.0,-272.0,-272.0,-0.15069252077562326,115.0,0,0,2,False,10,2025-10,0.6931471805599453,1785.0,-292.0,False
PRD000192,2026-01-16,Bebe & Enfant,Cauri,4.0,31648.0,13350.0,7912.0,40.0,1,1,40.734082397003746,8927.0,-1015.0,-4060.0,-0.12828614762386248,119.0,0,0,4,False,1,2026-01,1.6094379124341003,8010.0,-917.0,False
PRD000192,2026-01-17,Bebe & Enfant,Cauri,2.0,15924.0,13350.0,7962.0,40.0,1,1,40.359550561797754,8927.0,-965.0,-1930.0,-0.12120070334086913,115.0,0,0,5,True,1,2026-01,1.0986122886681098,8010.0,-917.0,False
PRD000192,2026-01-18,Bebe & Enfant,Cauri,5.0,40240.0,13350.0,8048.0,40.0,1,1,39.71535580524345,8927.0,-879.0,-4395.0,-0.10921968190854871,113.0,0,0,6,True,1,2026-01,1.791759469228055,8010.0,-917.0,False
PRD000192,2026-01-19,Bebe & Enfant,Cauri,1.0,7964.0,13350.0,7964.0,40.0,1,1,40.34456928838951,8927.0,-963.0,-963.0,-0.12091913611250628,108.0,0,0,0,False,1,2026-01,0.6931471805599453,8010.0,-917.0,False
PRD000192,2026-01-20,Bebe & Enfant,Cauri,4.0,31853.0,13350.0,7963.25,40.0,1,1,40.350187265917604,8927.0,-963.75,-3855.0,-0.12102470724892475,107.0,0,0,1,False,1,2026-01,1.6094379124341003,8010.0,-917.0,False
PRD000192,2026-01-21,Bebe & Enfant,Cauri,2.0,15966.0,13350.0,7983.0,40.0,1,1,40.20224719101123,8927.0,-944.0,-1888.0,-0.11825128397845422,103.0,0,0,2,False,1,2026-01,1.0986122886681098,8010.0,-917.0,False
PRD000192,2026-01-23,Bebe & Enfant,Cauri,1.0,7870.0,13350.0,7870.0,40.0,1,1,41.048689138576776,8927.0,-1057.0,-1057.0,-0.13430749682337992,101.0,0,0,4,False,1,2026-01,0.6931471805599453,8010.0,-917.0,False
PRD000192,2026-01-24,Bebe & Enfant,Cauri,2.0,15782.0,13350.0,7891.0,40.0,1,1,40.89138576779027,8927.0,-1036.0,-2072.0,-0.13128881003675072,100.0,0,0,5,True,1,2026-01,1.0986122886681098,8010.0,-917.0,False
PRD000198,2025-09-26,Alimentation & Epicerie,Atlas,1.0,2988.0,3980.0,2988.0,25.0,1,1,24.924623115577894,3325.0,-337.0,-337.0,-0.11278447121820616,280.0,0,0,4,False,9,2025-09,0.6931471805599453,2985.0,-340.0,False
PRD000198,2025-09-28,Alimentation & Epicerie,Atlas,2.0,5960.0,3980.0,2980.0,25.0,1,1,25.125628140703515,3325.0,-345.0,-690.0,-0.11577181208053691,279.0,0,0,6,True,9,2025-09,1.0986122886681098,2985.0,-340.0,False
PRD000198,2025-09-29,Alimentation & Epicerie,Atlas,1.0,2933.0,3980.0,2933.0,25.0,1,1,26.306532663316585,3325.0,-392.0,-392.0,-0.13365155131264916,277.0,0,0,0,False,9,2025-09,0.6931471805599453,2985.0,-340.0,False
PRD000203,2025-03-30,Telephonie & Accessoires,Urban,2.0,423122.0,277390.0,211561.0,25.0,1,1,23.731569270701904,214698.0,-3137.0,-6274.0,-0.014827874702804392,308.0,0,0,6,True,3,2025-03,1.0986122886681098,208042.5,-6655.5,False
PRD000203,2025-03-31,Telephonie & Accessoires,Urban,6.0,1248567.0,277390.0,208094.5,25.0,1,1,24.98125383034716,214698.0,-6603.5,-39621.0,-0.031733178916309654,306.0,0,0,0,False,3,2025-03,1.9459101490553132,208042.5,-6655.5,False
PRD000203,2025-04-01,Telephonie & Accessoires,Urban,1.0,205165.0,277390.0,205165.0,25.0,1,1,26.03734813800065,214698.0,-9533.0,-9533.0,-0.046465040333390197,300.0,0,0,1,False,4,2025-04,0.6931471805599453,208042.5,-6655.5,False
PRD000203,2025-04-06,Telephonie & Accessoires,Urban,1.0,210238.0,277390.0,210238.0,25.0,1,1,24.20851508706153,214698.0,-4460.0,-4460.0,-0.021214052645097462,299.0,0,0,6,True,4,2025-04,0.6931471805599453,208042.5,-6655.5,False
PRD000203,2025-04-07,Telephonie & Accessoires,Urban,1.0,208415.0,277390.0,208415.0,25.0,1,1,24.865712534698435,214698.0,-6283.0,-6283.0,-0.03014658253964446,298.0,0,0,0,False,4,2025-04,0.6931471805599453,208042.5,-6655.5,False
PRD000203,2025-06-25,Telephonie & Accessoires,Urban,2.0,419935.0,277390.0,209967.5,25.0,1,1,24.306031219582536,214698.0,-4730.5,-9461.0,-0.02252967721194947,209.0,0,0,2,False,6,2025-06,1.0986122886681098,208042.5,-6655.5,False
PRD000203,2025-06-26,Telephonie & Accessoires,Urban,4.0,825800.0,277390.0,206450.0,25.0,1,1,25.57410144561808,214698.0,-8248.0,-32992.0,-0.039951562121579076,207.0,0,0,3,False,6,2025-06,1.6094379124341003,208042.5,-6655.5,False
PRD000203,2025-06-29,Telephonie & Accessoires,Urban,5.0,1048079.0,277390.0,209615.8,25.0,1,1,24.432820217022964,214698.0,-5082.200000000012,-25411.0,-0.02424530975241376,203.0,0,0,6,True,6,2025-06,1.791759469228055,208042.5,-6655.5,False
PRD000203,2025-07-01,Telephonie & Accessoires,Urban,4.0,839007.0,277390.0,209751.75,25.0,1,1,24.383809798478673,214698.0,-4946.25,-19785.0,-0.023581448068967243,198.0,0,0,1,False,7,2025-07,1.6094379124341003,208042.5,-6655.5,False
PRD000203,2025-07-02,Telephonie & Accessoires,Urban,2.0,416192.0,277390.0,208096.0,25.0,1,1,24.98071307545333,214698.0,-6602.0,-13204.0,-0.03172574196524681,194.0,0,0,2,False,7,2025-07,1.0986122886681098,208042.5,-6655.5,False
PRD000203,2025-07-03,Telephonie & Accessoires,Urban,3.0,628281.0,277390.0,209427.0,25.0,1,1,24.500883232993253,214698.0,-5271.0,-15813.0,-0.025168674526207222,192.0,0,0,3,False,7,2025-07,1.3862943611198906,208042.5,-6655.5,False
PRD000203,2025-07-05,Telephonie & Accessoires,Urban,2.0,420244.0,277390.0,210122.0,25.0,1,1,24.25033346551786,214698.0,-4576.0,-9152.0,-0.02177782431159041,189.0,0,0,5,True,7,2025-07,1.0986122886681098,208042.5,-6655.5,False
PRD000203,2025-07-06,Telephonie & Accessoires,Urban,2.0,413346.0,277390.0,206673.0,25.0,1,1,25.493709218068428,214698.0,-8025.0,-16050.0,-0.038829455226372094,187.0,0,0,6,True,7,2025-07,1.0986122886681098,208042.5,-6655.5,False
PRD000203,2025-07-07,Telephonie & Accessoires,Urban,4.0,838020.0,277390.0,209505.0,25.0,1,1,24.472763978514,214698.0,-5193.0,-20772.0,-0.02478699792367724,185.0,0,0,0,False,7,2025-07,1.6094379124341003,208042.5,-6655.5,False
PRD000203,2025-07-08,Telephonie & Accessoires,Urban,6.0,1252149.0,277390.0,208691.5,25.0,1,2,24.766033382602114,214698.0,-6006.5,-36039.0,-0.028781718469607052,181.0,0,0,1,False,7,2025-07,1.9459101490553132,208042.5,-6655.5,False
PRD000203,2025-07-09,Telephonie & Accessoires,Urban,1.0,207150.0,277390.0,207150.0,25.0,1,2,25.32174916182991,214698.0,-7548.0,-7548.0,-0.0364373642288197,175.0,0,0,2,False,7,2025-07,0.6931471805599453,208042.5,-6655.5,False
PRD000203,2026-04-20,Telephonie & Accessoires,Urban,4.0,843413.0,277390.0,210853.25,25.0,1,1,23.986715454774867,214698.0,-3844.75,-15379.0,-0.018234245855826267,244.0,0,0,0,False,4,2026-04,1.6094379124341003,208042.5,-6655.5,False
PRD000203,2026-04-22,Telephonie & Accessoires,Urban,2.0,416511.0,277390.0,208255.5,25.0,1,1,24.923212805075888,214698.0,-6442.5,-12885.0,-0.030935557524291075,240.0,0,0,2,False,4,2026-04,1.0986122886681098,208042.5,-6655.5,False
PRD000203,2026-04-23,Telephonie & Accessoires,Urban,4.0,820451.0,277390.0,205112.75,25.0,1,1,26.05618443346912,214698.0,-9585.25,-38341.0,-0.04673161468509393,238.0,0,0,3,False,4,2026-04,1.6094379124341003,208042.5,-6655.5,False
PRD000203,2026-04-24,Telephonie & Accessoires,Urban,1.0,208019.0,277390.0,208019.0,25.0,1,1,25.008471826670032,214698.0,-6679.0,-6679.0,-0.03210764401328725,234.0,0,0,4,False,4,2026-04,0.6931471805599453,208042.5,-6655.5,False
PRD000203,2026-04-25,Telephonie & Accessoires,Urban,1.0,204152.0,277390.0,204152.0,25.0,1,1,26.402537942968387,214698.0,-10546.0,-10546.0,-0.051657588463497786,233.0,0,0,5,True,4,2026-04,0.6931471805599453,208042.5,-6655.5,False
PRD000203,2026-04-26,Telephonie & Accessoires,Urban,4.0,835032.0,277390.0,208758.0,25.0,1,1,24.742059915642233,214698.0,-5940.0,-23760.0,-0.028453999367688904,232.0,0,0,6,True,4,2026-04,1.6094379124341003,208042.5,-6655.5,False
PRD000203,2026-04-27,Telephonie & Accessoires,Urban,1.0,206407.0,277390.0,206407.0,25.0,1,1,25.58960308590793,214698.0,-8291.0,-8291.0,-0.040168211349421286,228.0,0,0,0,False,4,2026-04,0.6931471805599453,208042.5,-6655.5,False
PRD000204,2025-06-11,Alimentation & Epicerie,Cauri,1.0,2614.0,3060.0,2614.0,15.0,1,1,14.575163398692814,2624.0,-10.0,-10.0,-0.0038255547054322878,144.0,0,0,2,False,6,2025-06,0.6931471805599453,2601.0,-23.0,False
PRD000204,2025-06-12,Alimentation & Epicerie,Cauri,10.0,25942.0,3060.0,2594.2,15.0,1,1,15.222222222222225,2624.0,-29.800000000000182,-298.0,-0.011487163672808644,143.0,0,0,3,False,6,2025-06,2.3978952727983707,2601.0,-23.0,False
PRD000204,2025-06-13,Alimentation & Epicerie,Cauri,1.0,2608.0,3060.0,2608.0,15.0,1,1,14.771241830065362,2624.0,-16.0,-16.0,-0.006134969325153374,133.0,0,0,4,False,6,2025-06,0.6931471805599453,2601.0,-23.0,False
PRD000204,2025-06-14,Alimentation & Epicerie,Cauri,4.0,10296.0,3060.0,2574.0,15.0,1,1,15.88235294117647,2624.0,-50.0,-200.0,-0.019425019425019424,132.0,0,0,5,True,6,2025-06,1.6094379124341003,2601.0,-23.0,False
PRD000204,2025-06-15,Alimentation & Epicerie,Cauri,2.0,5199.0,3060.0,2599.5,15.0,1,1,15.049019607843139,2624.0,-24.5,-49.0,-0.00942488940180804,128.0,0,0,6,True,6,2025-06,1.0986122886681098,2601.0,-23.0,False
PRD000204,2025-09-26,Alimentation & Epicerie,Cauri,7.0,16323.0,3060.0,2331.8571428571427,25.0,1,1,23.795518207282917,2624.0,-292.14285714285734,-2045.0,-0.12528334252282067,48.0,0,1,4,False,9,2025-09,2.0794415416798357,2295.0,-329.0,False
PRD000204,2025-09-27,Alimentation & Epicerie,Cauri,1.0,2255.0,3060.0,2255.0,25.0,1,1,26.307189542483655,2624.0,-369.0,-369.0,-0.16363636363636364,41.0,0,1,5,True,9,2025-09,0.6931471805599453,2295.0,-329.0,False
PRD000204,2025-09-28,Alimentation & Epicerie,Cauri,3.0,6938.0,3060.0,2312.6666666666665,25.0,1,1,24.422657952069727,2624.0,-311.3333333333335,-934.0,-0.13462092822138952,40.0,0,1,6,True,9,2025-09,1.3862943611198906,2295.0,-329.0,False
PRD000204,2025-09-29,Alimentation & Epicerie,Cauri,1.0,2284.0,3060.0,2284.0,25.0,1,1,25.359477124183005,2624.0,-340.0,-340.0,-0.14886164623467601,37.0,0,1,0,False,9,2025-09,0.6931471805599453,2295.0,-329.0,False
PRD000204,2025-09-30,Alimentation & Epicerie,Cauri,2.0,4652.0,3060.0,2326.0,25.0,1,1,23.986928104575167,2624.0,-298.0,-596.0,-0.12811693895098883,36.0,0,1,1,False,9,2025-09,1.0986122886681098,2295.0,-329.0,False
PRD000204,2025-10-01,Alimentation & Epicerie,Cauri,4.0,9289.0,3060.0,2322.25,25.0,1,1,24.10947712418301,2624.0,-301.75,-1207.0,-0.12993863709764236,34.0,0,1,2,False,10,2025-10,1.6094379124341003,2295.0,-329.0,False
PRD000205,2025-09-26,Alimentation & Epicerie,Eco,1.0,7545.0,9960.0,7545.0,25.0,1,1,24.24698795180723,7976.0,-431.0,-431.0,-0.05712392312789927,188.0,0,0,4,False,9,2025-09,0.6931471805599453,7470.0,-506.0,False
PRD000205,2025-09-27,Alimentation & Epicerie,Eco,2.0,14876.0,9960.0,7438.0,25.0,1,1,25.321285140562246,7976.0,-538.0,-1076.0,-0.07233127184727077,187.0,0,0,5,True,9,2025-09,1.0986122886681098,7470.0,-506.0,False
PRD000205,2025-09-28,Alimentation & Epicerie,Eco,2.0,14782.0,9960.0,7391.0,25.0,1,1,25.793172690763054,7976.0,-585.0,-1170.0,-0.0791503179542687,185.0,0,0,6,True,9,2025-09,1.0986122886681098,7470.0,-506.0,False
PRD000205,2025-10-01,Alimentation & Epicerie,Eco,3.0,22543.0,9960.0,7514.333333333333,25.0,1,1,24.554886211512716,7976.0,-461.66666666666697,-1385.0,-0.06143814044270953,183.0,0,0,2,False,10,2025-10,1.3862943611198906,7470.0,-506.0,False
PRD000206,2025-06-09,Alimentation & Epicerie,Dakaroise,2.0,25140.0,14660.0,12570.0,15.0,1,1,14.25648021828103,12727.0,-157.0,-314.0,-0.01249005568814638,67.0,0,0,0,False,6,2025-06,1.0986122886681098,12461.0,-266.0,False
PRD000206,2025-06-11,Alimentation & Epicerie,Dakaroise,3.0,37422.0,14660.0,12474.0,15.0,1,1,14.911323328785809,12727.0,-253.0,-759.0,-0.020282186948853614,65.0,0,0,2,False,6,2025-06,1.3862943611198906,12461.0,-266.0,False
PRD000206,2025-06-12,Alimentation & Epicerie,Dakaroise,5.0,62940.0,14660.0,12588.0,15.0,1,1,14.133697135061396,12727.0,-139.0,-695.0,-0.011042262472195741,62.0,0,0,3,False,6,2025-06,1.791759469228055,12461.0,-266.0,False
PRD000206,2025-06-13,Alimentation & Epicerie,Dakaroise,2.0,25060.0,14660.0,12530.0,15.0,1,1,14.529331514324696,12727.0,-197.0,-394.0,-0.015722266560255386,57.0,0,0,4,False,6,2025-06,1.0986122886681098,12461.0,-266.0,False
PRD000206,2025-09-26,Alimentation & Epicerie,Dakaroise,2.0,22018.0,14660.0,11009.0,25.0,1,1,24.904502046384724,12727.0,-1718.0,-3436.0,-0.15605413752384412,72.0,0,0,4,False,9,2025-09,1.0986122886681098,10995.0,-1732.0,False
PRD000206,2025-09-28,Alimentation & Epicerie,Dakaroise,5.0,55635.0,14660.0,11127.0,25.0,1,1,24.09959072305593,12727.0,-1600.0,-8000.0,-0.1437943740451155,70.0,0,0,6,True,9,2025-09,1.791759469228055,10995.0,-1732.0,False
PRD000206,2025-09-29,Alimentation & Epicerie,Dakaroise,13.0,141648.0,14660.0,10896.0,25.0,1,1,25.675306957708045,12727.0,-1831.0,-23803.0,-0.1680433186490455,65.0,0,0,0,False,9,2025-09,2.6390573296152584,10995.0,-1732.0,False
PRD000206,2025-09-30,Alimentation & Epicerie,Dakaroise,4.0,44357.0,14660.0,11089.25,25.0,1,1,24.35709413369713,12727.0,-1637.75,-6551.0,-0.14768807629010078,52.0,0,0,1,False,9,2025-09,1.6094379124341003,10995.0,-1732.0,False
PRD000206,2025-10-01,Alimentation & Epicerie,Dakaroise,1.0,11080.0,14660.0,11080.0,25.0,1,1,24.42019099590723,12727.0,-1647.0,-1647.0,-0.1486462093862816,48.0,0,1,2,False,10,2025-10,0.6931471805599453,10995.0,-1732.0,False
PRD000213,2025-09-26,Alimentation & Epicerie,Cauri,4.0,12550.0,4230.0,3137.5,25.0,1,1,25.827423167848696,3489.0,-351.5,-1406.0,-0.11203187250996016,127.0,0,0,4,False,9,2025-09,1.6094379124341003,3172.5,-316.5,False
PRD000213,2025-09-27,Alimentation & Epicerie,Cauri,3.0,9437.0,4230.0,3145.6666666666665,25.0,1,1,25.634357762017334,3489.0,-343.3333333333335,-1030.0,-0.10914485535657524,122.0,0,0,5,True,9,2025-09,1.3862943611198906,3172.5,-316.5,False
PRD000213,2025-09-28,Alimentation & Epicerie,Cauri,5.0,16051.0,4230.0,3210.2,25.0,1,1,24.108747044917266,3489.0,-278.8000000000002,-1394.0,-0.08684817145349205,119.0,0,0,6,True,9,2025-09,1.791759469228055,3172.5,-316.5,False
PRD000213,2025-10-01,Alimentation & Epicerie,Cauri,1.0,3134.0,4230.0,3134.0,25.0,1,1,25.910165484633573,3489.0,-355.0,-355.0,-0.11327377153797065,114.0,0,0,2,False,10,2025-10,0.6931471805599453,3172.5,-316.5,False
PRD000217,2025-05-04,Bebe & Enfant,Sahel,2.0,73048.0,52560.0,36524.0,30.0,1,1,30.509893455098936,37904.0,-1380.0,-2760.0,-0.037783375314861464,291.0,0,0,6,True,5,2025-05,1.0986122886681098,36792.0,-1112.0,False
PRD000217,2025-05-06,Bebe & Enfant,Sahel,2.0,73282.0,52560.0,36641.0,30.0,1,1,30.287290715372905,37904.0,-1263.0,-2526.0,-0.03446958325373216,289.0,0,0,1,False,5,2025-05,1.0986122886681098,36792.0,-1112.0,False
PRD000217,2025-05-07,Bebe & Enfant,Sahel,1.0,36545.0,52560.0,36545.0,30.0,1,1,30.469939117199395,37904.0,-1359.0,-1359.0,-0.037187029689424,287.0,0,0,2,False,5,2025-05,0.6931471805599453,36792.0,-1112.0,False
PRD000217,2025-05-08,Bebe & Enfant,Sahel,4.0,147847.0,52560.0,36961.75,30.0,1,1,29.677035768645354,37904.0,-942.25,-3769.0,-0.025492570021711635,286.0,0,0,3,False,5,2025-05,1.6094379124341003,36792.0,-1112.0,False
PRD000217,2026-02-13,Bebe & Enfant,Sahel,1.0,36448.0,52560.0,36448.0,30.0,1,1,30.654490106544895,37904.0,-1456.0,-1456.0,-0.03994732221246708,102.0,0,0,4,False,2,2026-02,0.6931471805599453,36792.0,-1112.0,False
PRD000217,2026-02-15,Bebe & Enfant,Sahel,1.0,36480.0,52560.0,36480.0,30.0,1,1,30.593607305936075,37904.0,-1424.0,-1424.0,-0.03903508771929825,101.0,0,0,6,True,2,2026-02,0.6931471805599453,36792.0,-1112.0,False
PRD000217,2026-02-18,Bebe & Enfant,Sahel,3.0,111065.0,52560.0,37021.666666666664,30.0,1,1,29.563039066463727,37904.0,-882.3333333333358,-2647.0,-0.02383289064961966,100.0,0,0,2,False,2,2026-02,1.3862943611198906,36792.0,-1112.0,False
PRD000217,2026-02-19,Bebe & Enfant,Sahel,1.0,36552.0,52560.0,36552.0,30.0,1,1,30.45662100456621,37904.0,-1352.0,-1352.0,-0.03698840008754651,97.0,0,0,3,False,2,2026-02,0.6931471805599453,36792.0,-1112.0,False
PRD000217,2026-02-20,Bebe & Enfant,Sahel,1.0,37464.0,52560.0,37464.0,30.0,1,1,28.721461187214615,37904.0,-440.0,-440.0,-0.01174460815716421,96.0,0,0,4,False,2,2026-02,0.6931471805599453,36792.0,-1112.0,False
PRD000226,2026-04-21,Telephonie & Accessoires,Urban,2.0,194062.0,127010.0,97031.0,25.0,1,1,23.60365325564916,98431.0,-1400.0,-2800.0,-0.014428378559429461,30.0,0,1,1,False,4,2026-04,1.0986122886681098,95257.5,-3173.5,False
PRD000226,2026-04-22,Telephonie & Accessoires,Urban,2.0,187654.0,127010.0,93827.0,25.0,1,1,26.126289268561532,98431.0,-4604.0,-9208.0,-0.049069031302290386,28.0,0,1,2,False,4,2026-04,1.0986122886681098,95257.5,-3173.5,False
PRD000226,2026-04-25,Telephonie & Accessoires,Urban,6.0,565285.0,127010.0,94214.16666666667,25.0,1,1,25.821457628008293,98431.0,-4216.8333333333285,-25301.0,-0.04475795395243102,26.0,0,1,5,True,4,2026-04,1.9459101490553132,95257.5,-3173.5,False
PRD000226,2026-04-26,Telephonie & Accessoires,Urban,3.0,285115.0,127010.0,95038.33333333333,25.0,1,1,25.172558591187045,98431.0,-3392.6666666666715,-10178.0,-0.03569787629552992,190.0,0,0,6,True,4,2026-04,1.3862943611198906,95257.5,-3173.5,False
PRD000226,2026-04-27,Telephonie & Accessoires,Urban,2.0,194132.0,127010.0,97066.0,25.0,1,1,23.576096370364542,98431.0,-1365.0,-2730.0,-0.014062596583767746,187.0,0,0,0,False,4,2026-04,1.0986122886681098,95257.5,-3173.5,False
PRD000226,2026-04-28,Telephonie & Accessoires,Urban,2.0,192149.0,127010.0,96074.5,25.0,1,1,24.356743563498938,98431.0,-2356.5,-4713.0,-0.024527840373876522,185.0,0,0,1,False,4,2026-04,1.0986122886681098,95257.5,-3173.5,False
PRD000227,2025-05-04,Bebe & Enfant,Teranga,3.0,116471.0,55890.0,38823.666666666664,30.0,1,1,30.535575833482444,41081.0,-2257.3333333333358,-6772.0,-0.058143228786564964,217.0,0,0,6,True,5,2025-05,1.3862943611198906,39123.0,-1958.0,False
PRD000227,2025-05-05,Bebe & Enfant,Teranga,2.0,77700.0,55890.0,38850.0,30.0,1,1,30.48845947396672,41081.0,-2231.0,-4462.0,-0.057425997425997424,214.0,0,0,0,False,5,2025-05,1.0986122886681098,39123.0,-1958.0,False
PRD000227,2025-05-06,Bebe & Enfant,Teranga,2.0,77170.0,55890.0,38585.0,30.0,1,1,30.962605117194485,41081.0,-2496.0,-4992.0,-0.06468835039523131,212.0,0,0,1,False,5,2025-05,1.0986122886681098,39123.0,-1958.0,False
PRD000227,2025-05-07,Bebe & Enfant,Teranga,2.0,78523.0,55890.0,39261.5,30.0,1,1,29.752191805331908,41081.0,-1819.5,-3639.0,-0.04634310966213721,210.0,0,0,2,False,5,2025-05,1.0986122886681098,39123.0,-1958.0,False
PRD000227,2026-02-15,Bebe & Enfant,Teranga,7.0,275928.0,55890.0,39418.28571428572,30.0,1,1,29.47166628326048,41081.0,-1662.7142857142826,-11639.0,-0.042181293670812595,270.0,0,0,6,True,2,2026-02,2.0794415416798357,39123.0,-1958.0,False
PRD000227,2026-02-16,Bebe & Enfant,Teranga,1.0,39837.0,55890.0,39837.0,30.0,1,1,28.72249060654858,41081.0,-1244.0,-1244.0,-0.031227251048020686,263.0,0,0,0,False,2,2026-02,0.6931471805599453,39123.0,-1958.0,False
PRD000227,2026-02-17,Bebe & Enfant,Teranga,1.0,39715.0,55890.0,39715.0,30.0,1,1,28.94077652531759,41081.0,-1366.0,-1366.0,-0.03439506483696336,262.0,0,0,1,False,2,2026-02,0.6931471805599453,39123.0,-1958.0,False
PRD000227,2026-02-19,Bebe & Enfant,Teranga,3.0,119079.0,55890.0,39693.0,30.0,1,1,28.980139559849704,41081.0,-1388.0,-4164.0,-0.034968382334416646,261.0,0,0,3,False,2,2026-02,1.3862943611198906,39123.0,-1958.0,False
PRD000227,2026-02-21,Bebe & Enfant,Teranga,4.0,156776.0,55890.0,39194.0,30.0,1,1,29.872964752191812,41081.0,-1887.0,-7548.0,-0.048145124253712306,258.0,0,0,5,True,2,2026-02,1.6094379124341003,39123.0,-1958.0,False
PRD000238,2025-09-26,Alimentation & Epicerie,Urban,1.0,4570.0,6190.0,4570.0,25.0,1,1,26.17124394184168,4999.0,-429.0,-429.0,-0.0938730853391685,217.0,0,0,4,False,9,2025-09,0.6931471805599453,4642.5,-356.5,False
PRD000238,2025-09-28,Alimentation & Epicerie,Urban,1.0,4618.0,6190.0,4618.0,25.0,1,1,25.39579967689822,4999.0,-381.0,-381.0,-0.08250324815937635,216.0,0,0,6,True,9,2025-09,0.6931471805599453,4642.5,-356.5,False
PRD000238,2025-09-29,Alimentation & Epicerie,Urban,4.0,18501.0,6190.0,4625.25,25.0,1,1,25.278675282714058,4999.0,-373.75,-1495.0,-0.08080644289497865,215.0,0,0,0,False,9,2025-09,1.6094379124341003,4642.5,-356.5,False
PRD000238,2025-10-01,Alimentation & Epicerie,Urban,4.0,18692.0,6190.0,4673.0,25.0,1,1,24.507269789983845,4999.0,-326.0,-1304.0,-0.06976246522576503,211.0,0,0,2,False,10,2025-10,1.6094379124341003,4642.5,-356.5,False
PRD000239,2025-04-06,Electronique & High-Tech,Sunu,3.0,705003.0,314180.0,235001.0,25.0,1,1,25.201795149277483,240536.0,-5535.0,-16605.0,-0.023553091263441434,264.0,0,0,6,True,4,2025-04,1.3862943611198906,235635.0,-4901.0,False
PRD000239,2025-04-07,Electronique & High-Tech,Sunu,4.0,957592.0,314180.0,239398.0,25.0,1,1,23.802278948373544,240536.0,-1138.0,-4552.0,-0.004753590255557691,261.0,0,0,0,False,4,2025-04,1.6094379124341003,235635.0,-4901.0,False
PRD000239,2025-04-08,Electronique & High-Tech,Sunu,2.0,470208.0,314180.0,235104.0,25.0,1,1,25.16901139474187,240536.0,-5432.0,-10864.0,-0.023104668572206343,257.0,0,0,1,False,4,2025-04,1.0986122886681098,235635.0,-4901.0,False
PRD000239,2025-04-09,Electronique & High-Tech,Sunu,1.0,231712.0,314180.0,231712.0,25.0,1,1,26.248647272264304,240536.0,-8824.0,-8824.0,-0.03808175666344427,255.0,0,0,2,False,4,2025-04,0.6931471805599453,235635.0,-4901.0,False
PRD000239,2025-04-10,Electronique & High-Tech,Sunu,3.0,701953.0,314180.0,233984.33333333334,25.0,1,1,25.52538884291382,240536.0,-6551.666666666657,-19655.0,-0.02800045017258986,254.0,0,0,3,False,4,2025-04,1.3862943611198906,235635.0,-4901.0,False
PRD000239,2025-04-11,Electronique & High-Tech,Sunu,1.0,232736.0,314180.0,232736.0,25.0,1,1,25.922719460182066,240536.0,-7800.0,-7800.0,-0.03351436821119208,251.0,0,0,4,False,4,2025-04,0.6931471805599453,235635.0,-4901.0,False
PRD000239,2025-04-12,Electronique & High-Tech,Sunu,1.0,237575.0,314180.0,237575.0,25.0,1,1,24.38251957476606,240536.0,-2961.0,-2961.0,-0.012463432600231505,250.0,0,0,5,True,4,2025-04,0.6931471805599453,235635.0,-4901.0,False
PRD000239,2025-04-13,Electronique & High-Tech,Sunu,4.0,959188.0,314180.0,239797.0,25.0,1,1,23.6752816856579,240536.0,-739.0,-2956.0,-0.003081773333277731,249.0,0,0,6,True,4,2025-04,1.6094379124341003,235635.0,-4901.0,False
PRD000239,2025-04-14,Electronique & High-Tech,Sunu,1.0,234055.0,314180.0,234055.0,25.0,1,1,25.50289642879878,240536.0,-6481.0,-6481.0,-0.027690072846125912,245.0,0,0,0,False,4,2025-04,0.6931471805599453,235635.0,-4901.0,False
PRD000239,2025-04-15,Electronique & High-Tech,Sunu,2.0,467497.0,314180.0,233748.5,25.0,1,1,25.60045197020816,240536.0,-6787.5,-13575.0,-0.029037619492745408,244.0,0,0,1,False,4,2025-04,1.0986122886681098,235635.0,-4901.0,False
PRD000239,2025-04-16,Electronique & High-Tech,Sunu,5.0,1182137.0,314180.0,236427.4,25.0,1,1,24.74778789229104,240536.0,-4108.600000000006,-20543.0,-0.017377850452189578,242.0,0,0,2,False,4,2025-04,1.791759469228055,235635.0,-4901.0,False
PRD000240,2026-03-23,Telephonie & Accessoires,Djoloff,2.0,266921.0,164620.0,133460.5,20.0,1,1,18.92813752885433,134835.0,-1374.5,-2749.0,-0.010298927397994163,331.0,0,0,0,False,3,2026-03,1.0986122886681098,131696.0,-3139.0,False
PRD000240,2026-03-24,Telephonie & Accessoires,Djoloff,2.0,259464.0,164620.0,129732.0,20.0,1,1,21.193050662130965,134835.0,-5103.0,-10206.0,-0.039334936638608826,329.0,0,0,1,False,3,2026-03,1.0986122886681098,131696.0,-3139.0,False
PRD000240,2026-03-25,Telephonie & Accessoires,Djoloff,1.0,129275.0,164620.0,129275.0,20.0,1,1,21.47065970112988,134835.0,-5560.0,-5560.0,-0.043009089151034616,327.0,0,0,2,False,3,2026-03,0.6931471805599453,131696.0,-3139.0,False
PRD000240,2026-03-27,Telephonie & Accessoires,Djoloff,1.0,130679.0,164620.0,130679.0,20.0,1,1,20.617786417203256,134835.0,-4156.0,-4156.0,-0.03180312062381867,326.0,0,0,4,False,3,2026-03,0.6931471805599453,131696.0,-3139.0,False
PRD000240,2026-03-29,Telephonie & Accessoires,Djoloff,1.0,130390.0,164620.0,130390.0,20.0,1,1,20.793342242740852,134835.0,-4445.0,-4445.0,-0.03409003757956899,325.0,0,0,6,True,3,2026-03,0.6931471805599453,131696.0,-3139.0,False
PRD000240,2026-04-04,Telephonie & Accessoires,Djoloff,3.0,393648.0,164620.0,131216.0,20.0,1,1,20.291580609889436,134835.0,-3619.0,-10857.0,-0.027580477990488964,324.0,0,0,5,True,4,2026-04,1.3862943611198906,131696.0,-3139.0,False
PRD000240,2026-04-21,Telephonie & Accessoires,Djoloff,2.0,242416.0,164620.0,121208.0,25.0,1,1,26.37103632608432,134835.0,-13627.0,-27254.0,-0.11242657250346512,300.0,0,0,1,False,4,2026-04,1.0986122886681098,123465.0,-11370.0,False
PRD000240,2026-04-23,Telephonie & Accessoires,Djoloff,1.0,125052.0,164620.0,125052.0,25.0,1,1,24.035961608553038,134835.0,-9783.0,-9783.0,-0.0782314557144228,298.0,0,0,3,False,4,2026-04,0.6931471805599453,123465.0,-11370.0,False
PRD000240,2026-04-25,Telephonie & Accessoires,Djoloff,10.0,1227541.0,164620.0,122754.1,25.0,1,1,25.43184303243834,134835.0,-12080.899999999994,-120809.0,-0.09841545007457994,297.0,0,0,5,True,4,2026-04,2.3978952727983707,123465.0,-11370.0,False
PRD000240,2026-04-26,Telephonie & Accessoires,Djoloff,6.0,743916.0,164620.0,123986.0,25.0,1,1,24.683513546349168,134835.0,-10849.0,-65094.0,-0.08750181472101688,287.0,0,0,6,True,4,2026-04,1.9459101490553132,123465.0,-11370.0,False
PRD000240,2026-04-27,Telephonie & Accessoires,Djoloff,4.0,485404.0,164620.0,121351.0,25.0,1,1,26.28416960272142,134835.0,-13484.0,-53936.0,-0.11111568919910013,281.0,0,0,0,False,4,2026-04,1.6094379124341003,123465.0,-11370.0,False
PRD000240,2026-04-28,Telephonie & Accessoires,Djoloff,3.0,367687.0,164620.0,122562.33333333333,25.0,1,1,25.548333535819868,134835.0,-12272.666666666672,-36818.0,-0.10013408143339311,277.0,0,0,1,False,4,2026-04,1.3862943611198906,123465.0,-11370.0,False
PRD000240,2026-04-29,Telephonie & Accessoires,Djoloff,4.0,496697.0,164620.0,124174.25,25.0,1,1,24.56915927590815,134835.0,-10660.75,-42643.0,-0.08585314588169447,274.0,0,0,2,False,4,2026-04,1.6094379124341003,123465.0,-11370.0,False
PRD000246,2025-04-26,Alimentation & Epicerie,Eco,1.0,11810.0,13180.0,11810.0,10.0,1,1,10.394537177541729,11830.0,-20.0,-20.0,-0.001693480101608806,228.0,0,0,5,True,4,2025-04,0.6931471805599453,11862.0,32.0,True
PRD000246,2025-04-29,Alimentation & Epicerie,Eco,1.0,11697.0,13180.0,11697.0,10.0,1,1,11.251896813353568,11830.0,-133.0,-133.0,-0.011370436864153202,223.0,0,0,1,False,4,2025-04,0.6931471805599453,11862.0,32.0,True
PRD000246,2025-06-09,Alimentation & Epicerie,Eco,5.0,56662.0,13180.0,11332.4,15.0,1,1,14.018209408194238,11830.0,-497.60000000000036,-2488.0,-0.04390949842928245,161.0,0,0,0,False,6,2025-06,1.791759469228055,11203.0,-627.0,False
PRD000246,2025-06-10,Alimentation & Epicerie,Eco,4.0,44070.0,13180.0,11017.5,15.0,1,1,16.40743550834598,11830.0,-812.5,-3250.0,-0.07374631268436578,156.0,0,0,1,False,6,2025-06,1.6094379124341003,11203.0,-627.0,False
PRD000246,2025-06-11,Alimentation & Epicerie,Eco,3.0,34077.0,13180.0,11359.0,15.0,1,1,13.816388467374807,11830.0,-471.0,-1413.0,-0.04146491768641606,152.0,0,0,2,False,6,2025-06,1.3862943611198906,11203.0,-627.0,False
PRD000246,2025-06-13,Alimentation & Epicerie,Eco,3.0,33569.0,13180.0,11189.666666666666,15.0,1,1,15.101163378856864,11830.0,-640.3333333333339,-1921.0,-0.05722541630671161,149.0,0,0,4,False,6,2025-06,1.3862943611198906,11203.0,-627.0,False
PRD000246,2025-06-14,Alimentation & Epicerie,Eco,1.0,11367.0,13180.0,11367.0,15.0,1,1,13.755690440060697,11830.0,-463.0,-463.0,-0.04073194334476995,146.0,0,0,5,True,6,2025-06,0.6931471805599453,11203.0,-627.0,False
PRD000246,2025-06-15,Alimentation & Epicerie,Eco,2.0,22752.0,13180.0,11376.0,15.0,1,1,13.687405159332322,11830.0,-454.0,-908.0,-0.039908579465541494,145.0,0,0,6,True,6,2025-06,1.0986122886681098,11203.0,-627.0,False
PRD000246,2025-09-26,Alimentation & Epicerie,Eco,1.0,9846.0,13180.0,9846.0,25.0,1,1,25.295902883156295,11830.0,-1984.0,-1984.0,-0.2015031484866951,208.0,0,0,4,False,9,2025-09,0.6931471805599453,9885.0,-1945.0,False
PRD000246,2025-09-28,Alimentation & Epicerie,Eco,1.0,9856.0,13180.0,9856.0,25.0,1,1,25.220030349013655,11830.0,-1974.0,-1974.0,-0.2002840909090909,207.0,0,0,6,True,9,2025-09,0.6931471805599453,9885.0,-1945.0,False
PRD000246,2025-09-29,Alimentation & Epicerie,Eco,1.0,9730.0,13180.0,9730.0,25.0,1,1,26.176024279210928,11830.0,-2100.0,-2100.0,-0.2158273381294964,206.0,0,0,0,False,9,2025-09,0.6931471805599453,9885.0,-1945.0,False
PRD000246,2025-10-01,Alimentation & Epicerie,Eco,2.0,20052.0,13180.0,10026.0,25.0,1,1,23.93019726858877,11830.0,-1804.0,-3608.0,-0.17993217634151207,205.0,0,0,2,False,10,2025-10,1.0986122886681098,9885.0,-1945.0,False
PRD000246,2025-12-31,Alimentation & Epicerie,Eco,1.0,11766.0,13180.0,11766.0,10.0,1,1,10.72837632776935,11830.0,-64.0,-64.0,-0.00543940166581676,204.0,0,0,2,False,12,2025-12,0.6931471805599453,11862.0,32.0,True
PRD000246,2026-01-06,Alimentation & Epicerie,Eco,1.0,11659.0,13180.0,11659.0,10.0,1,1,11.540212443095598,11830.0,-171.0,-171.0,-0.014666781027532378,194.0,0,0,1,False,1,2026-01,0.6931471805599453,11862.0,32.0,True
PRD000246,2026-05-12,Alimentation & Epicerie,Eco,2.0,23441.0,13180.0,11720.5,10.0,1,1,11.073596358118365,11830.0,-109.5,-219.0,-0.009342604837677574,195.0,0,0,1,False,5,2026-05,1.0986122886681098,11862.0,32.0,True
PRD000246,2026-05-19,Alimentation & Epicerie,Eco,1.0,11625.0,13180.0,11625.0,10.0,1,1,11.79817905918058,11830.0,-205.0,-205.0,-0.01763440860215054,187.0,0,0,1,False,5,2026-05,0.6931471805599453,11862.0,32.0,True
PRD000246,2026-05-20,Alimentation & Epicerie,Eco,1.0,11821.0,13180.0,11821.0,10.0,1,1,10.311077389984824,11830.0,-9.0,-9.0,-0.0007613569071990526,186.0,0,0,2,False,5,2026-05,0.6931471805599453,11862.0,32.0,True
PRD000247,2026-02-14,Alimentation & Epicerie,Kora,1.0,2136.0,2870.0,2136.0,25.0,1,1,25.574912891986067,2391.0,-255.0,-255.0,-0.11938202247191011,275.0,0,0,5,True,2,2026-02,0.6931471805599453,2152.5,-238.5,False
PRD000247,2026-02-15,Alimentation & Epicerie,Kora,2.0,4370.0,2870.0,2185.0,25.0,1,1,23.867595818815335,2391.0,-206.0,-412.0,-0.094279176201373,274.0,0,0,6,True,2,2026-02,1.0986122886681098,2152.5,-238.5,False
PRD000247,2026-02-16,Alimentation & Epicerie,Kora,6.0,12955.0,2870.0,2159.1666666666665,25.0,1,1,24.767711962833914,2391.0,-231.83333333333348,-1391.0,-0.10737167116943273,272.0,0,0,0,False,2,2026-02,1.9459101490553132,2152.5,-238.5,False
PRD000247,2026-02-17,Alimentation & Epicerie,Kora,1.0,2145.0,2870.0,2145.0,25.0,1,1,25.26132404181185,2391.0,-246.0,-246.0,-0.11468531468531469,266.0,0,0,1,False,2,2026-02,0.6931471805599453,2152.5,-238.5,False
PRD000247,2026-02-19,Alimentation & Epicerie,Kora,5.0,10822.0,2870.0,2164.4,25.0,1,1,24.585365853658537,2391.0,-226.5999999999999,-1133.0,-0.10469414156348175,265.0,0,0,3,False,2,2026-02,1.791759469228055,2152.5,-238.5,False
PRD000255,2025-05-04,Bebe & Enfant,Dakaroise,2.0,27432.0,19670.0,13716.0,30.0,1,1,30.26944585663447,14194.0,-478.0,-956.0,-0.034849810440361624,445.0,0,0,6,True,5,2025-05,1.0986122886681098,13769.0,-425.0,False
PRD000255,2025-05-06,Bebe & Enfant,Dakaroise,3.0,41346.0,19670.0,13782.0,30.0,1,1,29.933909506863245,14194.0,-412.0,-1236.0,-0.02989406472210129,443.0,0,0,1,False,5,2025-05,1.3862943611198906,13769.0,-425.0,False
PRD000255,2025-05-07,Bebe & Enfant,Dakaroise,1.0,13914.0,19670.0,13914.0,30.0,1,1,29.26283680732079,14194.0,-280.0,-280.0,-0.020123616501365533,440.0,0,0,2,False,5,2025-05,0.6931471805599453,13769.0,-425.0,False
PRD000255,2026-02-14,Bebe & Enfant,Dakaroise,1.0,13761.0,19670.0,13761.0,30.0,1,1,30.040671072699542,14194.0,-433.0,-433.0,-0.031465736501707725,219.0,0,0,5,True,2,2026-02,0.6931471805599453,13769.0,-425.0,False
PRD000255,2026-02-15,Bebe & Enfant,Dakaroise,1.0,13938.0,19670.0,13938.0,30.0,1,1,29.140823589222165,14194.0,-256.0,-256.0,-0.01836705409671402,218.0,0,0,6,True,2,2026-02,0.6931471805599453,13769.0,-425.0,False
PRD000255,2026-02-18,Bebe & Enfant,Dakaroise,1.0,13664.0,19670.0,13664.0,30.0,1,1,30.53380782918149,14194.0,-530.0,-530.0,-0.038788056206088994,217.0,0,0,2,False,2,2026-02,0.6931471805599453,13769.0,-425.0,False
PRD000255,2026-02-19,Bebe & Enfant,Dakaroise,1.0,13875.0,19670.0,13875.0,30.0,1,1,29.461108286731065,14194.0,-319.0,-319.0,-0.02299099099099099,216.0,0,0,3,False,2,2026-02,0.6931471805599453,13769.0,-425.0,False
PRD000255,2026-02-20,Bebe & Enfant,Dakaroise,1.0,14018.0,19670.0,14018.0,30.0,1,1,28.734112862226745,14194.0,-176.0,-176.0,-0.012555286060778999,215.0,0,0,4,False,2,2026-02,0.6931471805599453,13769.0,-425.0,False
PRD000258,2025-03-30,Telephonie & Accessoires,Nimba,2.0,365054.0,247580.0,182527.0,25.0,1,1,26.275547297843115,182689.0,-162.0,-324.0,-0.0008875399256000482,126.0,0,0,6,True,3,2025-03,1.0986122886681098,185685.0,2996.0,True
PRD000258,2025-04-06,Telephonie & Accessoires,Nimba,1.0,182453.0,247580.0,182453.0,25.0,1,1,26.305436626544953,182689.0,-236.0,-236.0,-0.0012934838013077341,108.0,0,0,6,True,4,2025-04,0.6931471805599453,185685.0,2996.0,True
PRD000260,2025-04-01,Telephonie & Accessoires,Lumo,4.0,650381.0,215440.0,162595.25,25.0,1,1,24.528755105829923,175372.0,-12776.75,-51107.0,-0.07858009382192899,96.0,0,0,1,False,4,2025-04,1.6094379124341003,161580.0,-13792.0,False
PRD000260,2025-04-02,Telephonie & Accessoires,Lumo,2.0,318192.0,215440.0,159096.0,25.0,1,1,26.152989231340516,175372.0,-16276.0,-32552.0,-0.10230301201790114,92.0,0,0,2,False,4,2025-04,1.0986122886681098,161580.0,-13792.0,False
PRD000260,2025-04-03,Telephonie & Accessoires,Lumo,1.0,158525.0,215440.0,158525.0,25.0,1,1,26.418028221314515,175372.0,-16847.0,-16847.0,-0.10627345844504021,90.0,0,0,3,False,4,2025-04,0.6931471805599453,161580.0,-13792.0,False
PRD000260,2025-04-04,Telephonie & Accessoires,Lumo,1.0,159376.0,215440.0,159376.0,25.0,1,1,26.02302265131823,175372.0,-15996.0,-15996.0,-0.1003664290733862,89.0,0,0,4,False,4,2025-04,0.6931471805599453,161580.0,-13792.0,False
PRD000260,2025-04-06,Telephonie & Accessoires,Lumo,3.0,480922.0,215440.0,160307.33333333334,25.0,1,1,25.59072905062507,175372.0,-15064.666666666657,-45194.0,-0.09397365893013829,88.0,0,0,6,True,4,2025-04,1.3862943611198906,161580.0,-13792.0,False
PRD000260,2025-04-07,Telephonie & Accessoires,Lumo,4.0,648696.0,215440.0,162174.0,25.0,1,1,24.72428518380988,175372.0,-13198.0,-52792.0,-0.08138172580068322,85.0,0,0,0,False,4,2025-04,1.6094379124341003,161580.0,-13792.0,False
PRD000260,2025-04-09,Telephonie & Accessoires,Lumo,2.0,322238.0,215440.0,161119.0,25.0,1,1,25.213980690679538,175372.0,-14253.0,-28506.0,-0.08846256493647553,81.0,0,0,2,False,4,2025-04,1.0986122886681098,161580.0,-13792.0,False
PRD000260,2025-06-26,Telephonie & Accessoires,Lumo,2.0,322856.0,215440.0,161428.0,25.0,1,1,25.070553286297816,175372.0,-13944.0,-27888.0,-0.08637906682855515,147.0,0,0,3,False,6,2025-06,1.0986122886681098,161580.0,-13792.0,False
PRD000260,2025-06-27,Telephonie & Accessoires,Lumo,5.0,808011.0,215440.0,161602.2,25.0,1,1,24.98969550686966,175372.0,-13769.799999999988,-68849.0,-0.08520799840596222,145.0,0,0,4,False,6,2025-06,1.791759469228055,161580.0,-13792.0,False
PRD000260,2025-06-28,Telephonie & Accessoires,Lumo,2.0,328862.0,215440.0,164431.0,25.0,1,1,23.676661715558854,175372.0,-10941.0,-21882.0,-0.06653854808399876,140.0,0,0,5,True,6,2025-06,1.0986122886681098,161580.0,-13792.0,False
PRD000260,2025-07-01,Telephonie & Accessoires,Lumo,5.0,796320.0,215440.0,159264.0,25.0,1,1,26.075009283327145,175372.0,-16108.0,-80540.0,-0.1011402451275869,138.0,0,0,1,False,7,2025-07,1.791759469228055,161580.0,-13792.0,False
PRD000260,2025-07-02,Telephonie & Accessoires,Lumo,4.0,644541.0,215440.0,161135.25,25.0,1,1,25.206437987374674,175372.0,-14236.75,-56947.0,-0.08835279679647998,133.0,0,0,2,False,7,2025-07,1.6094379124341003,161580.0,-13792.0,False
PRD000260,2025-07-03,Telephonie & Accessoires,Lumo,1.0,161296.0,215440.0,161296.0,25.0,1,1,25.13182324545117,175372.0,-14076.0,-14076.0,-0.0872681281618887,129.0,0,0,3,False,7,2025-07,0.6931471805599453,161580.0,-13792.0,False
PRD000260,2025-07-05,Telephonie & Accessoires,Lumo,5.0,804317.0,215440.0,160863.4,25.0,1,1,25.332621611585594,175372.0,-14508.600000000006,-72543.0,-0.09019205114401416,128.0,0,0,5,True,7,2025-07,1.791759469228055,161580.0,-13792.0,False
PRD000260,2025-07-08,Telephonie & Accessoires,Lumo,5.0,798337.0,215440.0,159667.4,25.0,1,2,25.887764574823624,175372.0,-15704.600000000006,-78523.0,-0.0983582121334725,123.0,0,0,1,False,7,2025-07,1.791759469228055,161580.0,-13792.0,False
PRD000260,2026-03-23,Telephonie & Accessoires,Lumo,1.0,169194.0,215440.0,169194.0,20.0,1,1,21.46583735610843,175372.0,-6178.0,-6178.0,-0.03651429719730014,158.0,0,0,0,False,3,2026-03,0.6931471805599453,172352.0,-3020.0,False
PRD000260,2026-03-25,Telephonie & Accessoires,Lumo,7.0,1192770.0,215440.0,170395.7142857143,20.0,1,1,20.908042013686277,175372.0,-4976.28571428571,-34834.0,-0.029204289175616398,157.0,0,0,2,False,3,2026-03,2.0794415416798357,172352.0,-3020.0,False
PRD000260,2026-03-26,Telephonie & Accessoires,Lumo,3.0,523476.0,215440.0,174492.0,20.0,1,1,19.006683995544005,175372.0,-880.0,-2640.0,-0.005043211150081379,150.0,0,0,3,False,3,2026-03,1.3862943611198906,172352.0,-3020.0,False
PRD000260,2026-03-27,Telephonie & Accessoires,Lumo,8.0,1382351.0,215440.0,172793.875,20.0,1,1,19.794896490902335,175372.0,-2578.125,-20625.0,-0.014920233717775008,147.0,0,0,4,False,3,2026-03,2.1972245773362196,172352.0,-3020.0,False
PRD000260,2026-03-30,Telephonie & Accessoires,Lumo,2.0,347840.0,215440.0,173920.0,20.0,1,1,19.27218715187523,175372.0,-1452.0,-2904.0,-0.008348666053357866,139.0,0,0,0,False,3,2026-03,1.0986122886681098,172352.0,-3020.0,False
PRD000260,2026-03-31,Telephonie & Accessoires,Lumo,1.0,174167.0,215440.0,174167.0,20.0,1,1,19.15753806164129,175372.0,-1205.0,-1205.0,-0.0069186470456515875,137.0,0,0,1,False,3,2026-03,0.6931471805599453,172352.0,-3020.0,False
PRD000260,2026-04-01,Telephonie & Accessoires,Lumo,6.0,1021392.0,215440.0,170232.0,20.0,1,1,20.984032677311546,175372.0,-5140.0,-30840.0,-0.03019408806804831,136.0,0,0,2,False,4,2026-04,1.9459101490553132,172352.0,-3020.0,False
PRD000260,2026-04-04,Telephonie & Accessoires,Lumo,1.0,170423.0,215440.0,170423.0,20.0,1,1,20.895376903082063,175372.0,-4949.0,-4949.0,-0.02903950757820247,130.0,0,0,5,True,4,2026-04,0.6931471805599453,172352.0,-3020.0,False
PRD000260,2026-04-20,Telephonie & Accessoires,Lumo,3.0,484584.0,215440.0,161528.0,25.0,1,1,25.024136650575567,175372.0,-13844.0,-41532.0,-0.08570650289733049,113.0,0,0,0,False,4,2026-04,1.3862943611198906,161580.0,-13792.0,False
PRD000260,2026-04-22,Telephonie & Accessoires,Lumo,3.0,483715.0,215440.0,161238.33333333334,25.0,1,1,25.15859017205099,175372.0,-14133.666666666657,-42401.0,-0.0876569881024983,110.0,0,0,2,False,4,2026-04,1.3862943611198906,161580.0,-13792.0,False
PRD000260,2026-04-24,Telephonie & Accessoires,Lumo,6.0,956646.0,215440.0,159441.0,25.0,1,1,25.992851838098773,175372.0,-15931.0,-95586.0,-0.09991783794632497,107.0,0,0,4,False,4,2026-04,1.9459101490553132,161580.0,-13792.0,False
PRD000260,2026-04-25,Telephonie & Accessoires,Lumo,3.0,492433.0,215440.0,164144.33333333334,25.0,1,1,23.809722737962613,175372.0,-11227.666666666657,-33683.0,-0.06840118351125933,101.0,0,0,5,True,4,2026-04,1.3862943611198906,161580.0,-13792.0,False
PRD000260,2026-04-26,Telephonie & Accessoires,Lumo,5.0,799906.0,215440.0,159981.2,25.0,1,1,25.74210917192722,175372.0,-15390.799999999988,-76954.0,-0.09620380394696369,98.0,0,0,6,True,4,2026-04,1.791759469228055,161580.0,-13792.0,False
PRD000260,2026-04-29,Telephonie & Accessoires,Lumo,3.0,482141.0,215440.0,160713.66666666666,25.0,1,1,25.4021227874737,175372.0,-14658.333333333343,-43975.0,-0.09120775872618182,93.0,0,0,2,False,4,2026-04,1.3862943611198906,161580.0,-13792.0,False
PRD000264,2025-06-09,Alimentation & Epicerie,Teranga,1.0,12226.0,14260.0,12226.0,15.0,1,1,14.263674614305755,12338.0,-112.0,-112.0,-0.009160804842139702,57.0,0,0,0,False,6,2025-06,0.6931471805599453,12121.0,-217.0,False
PRD000264,2025-06-10,Alimentation & Epicerie,Teranga,3.0,35880.0,14260.0,11960.0,15.0,1,1,16.129032258064512,12338.0,-378.0,-1134.0,-0.03160535117056856,56.0,0,0,1,False,6,2025-06,1.3862943611198906,12121.0,-217.0,False
PRD000264,2025-06-11,Alimentation & Epicerie,Teranga,4.0,47608.0,14260.0,11902.0,15.0,1,1,16.53576437587658,12338.0,-436.0,-1744.0,-0.036632498739707614,53.0,0,0,2,False,6,2025-06,1.6094379124341003,12121.0,-217.0,False
PRD000264,2025-06-12,Alimentation & Epicerie,Teranga,1.0,12315.0,14260.0,12315.0,15.0,1,1,13.63955119214586,12338.0,-23.0,-23.0,-0.0018676410881039384,49.0,0,1,3,False,6,2025-06,0.6931471805599453,12121.0,-217.0,False
PRD000264,2025-06-14,Alimentation & Epicerie,Teranga,1.0,11907.0,14260.0,11907.0,15.0,1,1,16.500701262272088,12338.0,-431.0,-431.0,-0.036197194927353654,48.0,0,1,5,True,6,2025-06,0.6931471805599453,12121.0,-217.0,False
PRD000264,2025-06-15,Alimentation & Epicerie,Teranga,2.0,24127.0,14260.0,12063.5,15.0,1,1,15.403225806451616,12338.0,-274.5,-549.0,-0.0227545902930327,47.0,0,1,6,True,6,2025-06,1.0986122886681098,12121.0,-217.0,False
PRD000264,2025-09-26,Alimentation & Epicerie,Teranga,4.0,42496.0,14260.0,10624.0,25.0,1,1,25.497896213183736,12338.0,-1714.0,-6856.0,-0.1613328313253012,164.0,0,0,4,False,9,2025-09,1.6094379124341003,10695.0,-1643.0,False
PRD000264,2025-09-27,Alimentation & Epicerie,Teranga,12.0,127565.0,14260.0,10630.416666666666,25.0,1,1,25.452898550724644,12338.0,-1707.583333333334,-20491.0,-0.16063183475091136,160.0,0,0,5,True,9,2025-09,2.5649493574615367,10695.0,-1643.0,False
PRD000264,2025-09-28,Alimentation & Epicerie,Teranga,3.0,31671.0,14260.0,10557.0,25.0,1,1,25.96774193548387,12338.0,-1781.0,-5343.0,-0.16870323008430424,148.0,0,0,6,True,9,2025-09,1.3862943611198906,10695.0,-1643.0,False
PRD000264,2025-09-30,Alimentation & Epicerie,Teranga,1.0,10862.0,14260.0,10862.0,25.0,1,1,23.828892005610104,12338.0,-1476.0,-1476.0,-0.1358865770576321,145.0,0,0,1,False,9,2025-09,0.6931471805599453,10695.0,-1643.0,False
PRD000264,2025-10-01,Alimentation & Epicerie,Teranga,3.0,31950.0,14260.0,10650.0,25.0,1,1,25.315568022440395,12338.0,-1688.0,-5064.0,-0.15849765258215961,144.0,0,0,2,False,10,2025-10,1.3862943611198906,10695.0,-1643.0,False
PRD000272,2026-04-20,Telephonie & Accessoires,Kora,5.0,820255.0,221980.0,164051.0,25.0,1,1,26.096495179745926,168904.0,-4853.0,-24265.0,-0.0295822640520326,81.0,0,0,0,False,4,2026-04,1.791759469228055,166485.0,-2419.0,False
PRD000272,2026-04-21,Telephonie & Accessoires,Kora,1.0,166664.0,221980.0,166664.0,25.0,1,1,24.91936210469412,168904.0,-2240.0,-2240.0,-0.013440215043440696,76.0,0,0,1,False,4,2026-04,0.6931471805599453,166485.0,-2419.0,False
PRD000272,2026-04-24,Telephonie & Accessoires,Kora,5.0,833202.0,221980.0,166640.4,25.0,1,1,24.929993693125507,168904.0,-2263.600000000006,-11318.0,-0.01358374079754973,75.0,0,0,4,False,4,2026-04,1.791759469228055,166485.0,-2419.0,False
PRD000272,2026-04-25,Telephonie & Accessoires,Kora,3.0,506602.0,221980.0,168867.33333333334,25.0,1,1,23.926780190407538,168904.0,-36.666666666656965,-110.0,-0.00021713297618242898,70.0,0,0,5,True,4,2026-04,1.3862943611198906,166485.0,-2419.0,False
PRD000272,2026-04-26,Telephonie & Accessoires,Kora,1.0,165020.0,221980.0,165020.0,25.0,1,1,25.6599693666096,168904.0,-3884.0,-3884.0,-0.023536541025330263,67.0,0,0,6,True,4,2026-04,0.6931471805599453,166485.0,-2419.0,False
PRD000272,2026-04-27,Telephonie & Accessoires,Kora,4.0,658808.0,221980.0,164702.0,25.0,1,1,25.803225515812233,168904.0,-4202.0,-16808.0,-0.02551274422897111,66.0,0,0,0,False,4,2026-04,1.6094379124341003,166485.0,-2419.0,False
PRD000272,2026-04-28,Telephonie & Accessoires,Kora,2.0,333706.0,221980.0,166853.0,25.0,1,1,24.834219299035954,168904.0,-2051.0,-4102.0,-0.012292257256387358,62.0,0,0,1,False,4,2026-04,1.0986122886681098,166485.0,-2419.0,False
PRD000272,2026-04-29,Telephonie & Accessoires,Kora,3.0,499078.0,221980.0,166359.33333333334,25.0,1,1,25.056611706760368,168904.0,-2544.666666666657,-7634.0,-0.01529620620424056,60.0,0,0,2,False,4,2026-04,1.3862943611198906,166485.0,-2419.0,False
PRD000275,2025-09-26,Alimentation & Epicerie,Dakaroise,2.0,16999.0,11340.0,8499.5,25.0,1,1,25.04850088183421,9191.0,-691.5,-1383.0,-0.08135772692511324,146.0,0,0,4,False,9,2025-09,1.0986122886681098,8505.0,-686.0,False
PRD000275,2025-09-27,Alimentation & Epicerie,Dakaroise,13.0,110830.0,11340.0,8525.384615384615,25.0,1,1,24.820241486908156,9191.0,-665.6153846153848,-8653.0,-0.07807452855724986,144.0,0,0,5,True,9,2025-09,2.6390573296152584,8505.0,-686.0,False
PRD000275,2025-09-28,Alimentation & Epicerie,Dakaroise,3.0,25862.0,11340.0,8620.666666666666,25.0,1,1,23.980011757789544,9191.0,-570.3333333333339,-1711.0,-0.06615884309024832,131.0,0,0,6,True,9,2025-09,1.3862943611198906,8505.0,-686.0,False
PRD000275,2025-09-29,Alimentation & Epicerie,Dakaroise,4.0,34081.0,11340.0,8520.25,25.0,1,1,24.86552028218695,9191.0,-670.75,-2683.0,-0.07872421583873712,128.0,0,0,0,False,9,2025-09,1.6094379124341003,8505.0,-686.0,False
PRD000275,2025-09-30,Alimentation & Epicerie,Dakaroise,5.0,43025.0,11340.0,8605.0,25.0,1,1,24.118165784832446,9191.0,-586.0,-2930.0,-0.06809994189424753,124.0,0,0,1,False,9,2025-09,1.791759469228055,8505.0,-686.0,False
PRD000275,2025-10-01,Alimentation & Epicerie,Dakaroise,4.0,34097.0,11340.0,8524.25,25.0,1,1,24.830246913580247,9191.0,-666.75,-2667.0,-0.07821802504619174,119.0,0,0,2,False,10,2025-10,1.6094379124341003,8505.0,-686.0,False
PRD000276,2025-08-20,Sport & Loisirs,Lumo,2.0,27976.0,20200.0,13988.0,30.0,1,1,30.752475247524757,14267.0,-279.0,-558.0,-0.019945667715184443,207.0,0,0,2,False,8,2025-08,1.0986122886681098,14140.0,-127.0,False
PRD000276,2025-08-21,Sport & Loisirs,Lumo,4.0,55748.0,20200.0,13937.0,30.0,1,1,31.00495049504951,14267.0,-330.0,-1320.0,-0.02367797947908445,205.0,0,0,3,False,8,2025-08,1.6094379124341003,14140.0,-127.0,False
PRD000276,2025-09-20,Sport & Loisirs,Lumo,3.0,41851.0,20200.0,13950.333333333334,30.0,1,1,30.938943894389435,14267.0,-316.66666666666606,-950.0,-0.022699577071037685,162.0,0,0,5,True,9,2025-09,1.3862943611198906,14140.0,-127.0,False
PRD000276,2025-09-21,Sport & Loisirs,Lumo,6.0,84197.0,20200.0,14032.833333333334,30.0,1,1,30.530528052805273,14267.0,-234.16666666666606,-1405.0,-0.016687055358266877,159.0,0,0,6,True,9,2025-09,1.9459101490553132,14140.0,-127.0,False
PRD000276,2025-09-22,Sport & Loisirs,Lumo,1.0,13877.0,20200.0,13877.0,30.0,1,1,31.3019801980198,14267.0,-390.0,-390.0,-0.028104057072854363,153.0,0,0,0,False,9,2025-09,0.6931471805599453,14140.0,-127.0,False
PRD000276,2025-09-25,Sport & Loisirs,Lumo,1.0,14111.0,20200.0,14111.0,30.0,1,1,30.143564356435647,14267.0,-156.0,-156.0,-0.01105520515909574,152.0,0,0,3,False,9,2025-09,0.6931471805599453,14140.0,-127.0,False
PRD000276,2025-09-26,Sport & Loisirs,Lumo,3.0,42657.0,20200.0,14219.0,30.0,1,1,29.608910891089113,14267.0,-48.0,-144.0,-0.0033757648217174205,151.0,0,0,4,False,9,2025-09,1.3862943611198906,14140.0,-127.0,False
PRD000276,2025-09-27,Sport & Loisirs,Lumo,4.0,56335.0,20200.0,14083.75,30.0,1,1,30.278465346534656,14267.0,-183.25,-733.0,-0.013011449365403391,148.0,0,0,5,True,9,2025-09,1.6094379124341003,14140.0,-127.0,False
PRD000276,2025-09-28,Sport & Loisirs,Lumo,1.0,14032.0,20200.0,14032.0,30.0,1,1,30.53465346534654,14267.0,-235.0,-235.0,-0.016747434435575827,144.0,0,0,6,True,9,2025-09,0.6931471805599453,14140.0,-127.0,False
PRD000288,2025-08-20,Sport & Loisirs,Eco,2.0,117636.0,84680.0,58818.0,30.0,1,1,30.54085970713274,59132.0,-314.0,-628.0,-0.005338501819171002,73.0,0,0,2,False,8,2025-08,1.0986122886681098,59275.99999999999,143.99999999999272,True
PRD000288,2025-09-21,Sport & Loisirs,Eco,1.0,58244.0,84680.0,58244.0,30.0,1,1,31.21870571563533,59132.0,-888.0,-888.0,-0.015246205617746034,53.0,0,0,6,True,9,2025-09,0.6931471805599453,59275.99999999999,143.99999999999272,True
PRD000288,2025-09-29,Sport & Loisirs,Eco,1.0,58518.0,84680.0,58518.0,30.0,1,1,30.89513462446859,59132.0,-614.0,-614.0,-0.010492498034792713,42.0,0,1,0,False,9,2025-09,0.6931471805599453,59275.99999999999,143.99999999999272,True
PRD000289,2026-03-23,Telephonie & Accessoires,Eco,6.0,339404.0,70730.0,56567.333333333336,20.0,1,1,20.023563787171874,57302.0,-734.6666666666642,-4408.0,-0.0129874721570753,43.0,0,1,0,False,3,2026-03,1.9459101490553132,56584.0,-718.0,False
PRD000289,2026-03-24,Telephonie & Accessoires,Eco,2.0,111488.0,70730.0,55744.0,20.0,1,1,21.18761487346247,57302.0,-1558.0,-3116.0,-0.027949196326062,37.0,0,1,1,False,3,2026-03,1.0986122886681098,56584.0,-718.0,False
PRD000289,2026-03-25,Telephonie & Accessoires,Eco,6.0,340020.0,70730.0,56670.0,20.0,1,1,19.878410858193128,57302.0,-632.0,-3792.0,-0.011152285159696488,35.0,0,1,2,False,3,2026-03,1.9459101490553132,56584.0,-718.0,False
PRD000289,2026-03-26,Telephonie & Accessoires,Eco,2.0,112499.0,70730.0,56249.5,20.0,1,1,20.472925208539515,57302.0,-1052.5,-2105.0,-0.018711277433577186,29.0,0,1,3,False,3,2026-03,1.0986122886681098,56584.0,-718.0,False
PRD000289,2026-03-27,Telephonie & Accessoires,Eco,2.0,114133.0,70730.0,57066.5,20.0,1,1,19.317828361374247,57302.0,-235.5,-471.0,-0.0041267643889146876,27.0,0,1,4,False,3,2026-03,1.0986122886681098,56584.0,-718.0,False
PRD000289,2026-03-28,Telephonie & Accessoires,Eco,2.0,111746.0,70730.0,55873.0,20.0,1,1,21.005231160752157,57302.0,-1429.0,-2858.0,-0.02557585953859646,25.0,0,1,5,True,3,2026-03,1.0986122886681098,56584.0,-718.0,False
PRD000289,2026-03-29,Telephonie & Accessoires,Eco,5.0,281554.0,70730.0,56310.8,20.0,1,1,20.386257599321354,57302.0,-991.1999999999971,-4956.0,-0.017602307195067324,23.0,0,1,6,True,3,2026-03,1.791759469228055,56584.0,-718.0,False
PRD000289,2026-03-30,Telephonie & Accessoires,Eco,9.0,509258.0,70730.0,56584.22222222222,20.0,1,1,19.99968581617104,57302.0,-717.777777777781,-6460.0,-0.012685122275938777,123.0,0,0,0,False,3,2026-03,2.302585092994046,56584.0,-718.0,False
PRD000289,2026-04-02,Telephonie & Accessoires,Eco,1.0,56326.0,70730.0,56326.0,20.0,1,1,20.364767425420617,57302.0,-976.0,-976.0,-0.017327699463835528,114.0,0,0,3,False,4,2026-04,0.6931471805599453,56584.0,-718.0,False
PRD000289,2026-04-03,Telephonie & Accessoires,Eco,8.0,452112.0,70730.0,56514.0,20.0,1,1,20.098967906121867,57302.0,-788.0,-6304.0,-0.013943447641292423,113.0,0,0,4,False,4,2026-04,2.1972245773362196,56584.0,-718.0,False
PRD000289,2026-04-04,Telephonie & Accessoires,Eco,1.0,56297.0,70730.0,56297.0,20.0,1,1,20.40576841509968,57302.0,-1005.0,-1005.0,-0.01785175053732881,105.0,0,0,5,True,4,2026-04,0.6931471805599453,56584.0,-718.0,False
PRD000289,2026-04-21,Telephonie & Accessoires,Eco,7.0,371177.0,70730.0,53025.28571428572,25.0,1,1,25.031407162044793,57302.0,-4276.714285714283,-29937.0,-0.08065424312390039,76.0,0,0,1,False,4,2026-04,2.0794415416798357,53047.5,-4254.5,False
PRD000289,2026-04-22,Telephonie & Accessoires,Eco,5.0,266589.0,70730.0,53317.8,25.0,1,1,24.617842499646535,57302.0,-3984.199999999997,-19921.0,-0.07472551380589591,69.0,0,0,2,False,4,2026-04,1.791759469228055,53047.5,-4254.5,False
PRD000289,2026-04-23,Telephonie & Accessoires,Eco,2.0,106505.0,70730.0,53252.5,25.0,1,1,24.710165417785944,57302.0,-4049.5,-8099.0,-0.07604337824515281,64.0,0,0,3,False,4,2026-04,1.0986122886681098,53047.5,-4254.5,False
PRD000289,2026-04-24,Telephonie & Accessoires,Eco,4.0,211475.0,70730.0,52868.75,25.0,1,1,25.25272161741835,57302.0,-4433.25,-17733.0,-0.0838538834377586,62.0,0,0,4,False,4,2026-04,1.6094379124341003,53047.5,-4254.5,False
PRD000289,2026-04-25,Telephonie & Accessoires,Eco,5.0,266427.0,70730.0,53285.4,25.0,1,1,24.663650501908663,57302.0,-4016.5999999999985,-20083.0,-0.07537899687343998,58.0,0,0,5,True,4,2026-04,1.791759469228055,53047.5,-4254.5,False
PRD000289,2026-04-26,Telephonie & Accessoires,Eco,9.0,481658.0,70730.0,53517.555555555555,25.0,1,1,24.335422655795902,57302.0,-3784.4444444444453,-34060.0,-0.07071407513214772,53.0,0,0,6,True,4,2026-04,2.302585092994046,53047.5,-4254.5,False
PRD000289,2026-04-27,Telephonie & Accessoires,Eco,1.0,53995.0,70730.0,53995.0,25.0,1,1,23.66039869927895,57302.0,-3307.0,-3307.0,-0.06124641170478748,44.0,0,1,0,False,4,2026-04,0.6931471805599453,53047.5,-4254.5,False
PRD000289,2026-04-29,Telephonie & Accessoires,Eco,5.0,263223.0,70730.0,52644.6,25.0,1,1,25.569630991092897,57302.0,-4657.4000000000015,-23287.0,-0.0884687128404433,43.0,0,1,2,False,4,2026-04,1.791759469228055,53047.5,-4254.5,False
PRD000297,2025-06-09,Alimentation & Epicerie,Kora,2.0,24964.0,14750.0,12482.0,15.0,1,1,15.376271186440682,12668.0,-186.0,-372.0,-0.014901458099663515,279.0,0,0,0,False,6,2025-06,1.0986122886681098,12537.5,-130.5,False
PRD000297,2025-06-13,Alimentation & Epicerie,Kora,1.0,12354.0,14750.0,12354.0,15.0,1,1,16.244067796610175,12668.0,-314.0,-314.0,-0.025416869030273594,277.0,0,0,4,False,6,2025-06,0.6931471805599453,12537.5,-130.5,False
PRD000297,2025-06-14,Alimentation & Epicerie,Kora,2.0,25231.0,14750.0,12615.5,15.0,1,1,14.471186440677963,12668.0,-52.5,-105.0,-0.00416154730292101,276.0,0,0,5,True,6,2025-06,1.0986122886681098,12537.5,-130.5,False
PRD000297,2025-06-15,Alimentation & Epicerie,Kora,2.0,24838.0,14750.0,12419.0,15.0,1,1,15.803389830508474,12668.0,-249.0,-498.0,-0.020049923504307916,274.0,0,0,6,True,6,2025-06,1.0986122886681098,12537.5,-130.5,False
PRD000297,2025-09-26,Alimentation & Epicerie,Kora,1.0,11004.0,14750.0,11004.0,25.0,1,1,25.39661016949153,12668.0,-1664.0,-1664.0,-0.15121773900399854,147.0,0,0,4,False,9,2025-09,0.6931471805599453,11062.5,-1605.5,False
PRD000297,2025-09-27,Alimentation & Epicerie,Kora,8.0,88387.0,14750.0,11048.375,25.0,1,1,25.09576271186441,12668.0,-1619.625,-12957.0,-0.14659395612476947,146.0,0,0,5,True,9,2025-09,2.1972245773362196,11062.5,-1605.5,False
PRD000297,2025-09-28,Alimentation & Epicerie,Kora,6.0,66047.0,14750.0,11007.833333333334,25.0,1,1,25.370621468926547,12668.0,-1660.166666666666,-9961.0,-0.15081684255151628,138.0,0,0,6,True,9,2025-09,1.9459101490553132,11062.5,-1605.5,False
PRD000297,2025-09-29,Alimentation & Epicerie,Kora,2.0,22444.0,14750.0,11222.0,25.0,1,1,23.918644067796613,12668.0,-1446.0,-2892.0,-0.1288540367135983,132.0,0,0,0,False,9,2025-09,1.0986122886681098,11062.5,-1605.5,False
PRD000297,2025-09-30,Alimentation & Epicerie,Kora,1.0,11156.0,14750.0,11156.0,25.0,1,1,24.366101694915255,12668.0,-1512.0,-1512.0,-0.13553244890641808,130.0,0,0,1,False,9,2025-09,0.6931471805599453,11062.5,-1605.5,False
PRD000298,2025-05-04,Bebe & Enfant,Kora,8.0,254766.0,45640.0,31845.75,30.0,1,1,30.224035933391757,33561.0,-1715.25,-13722.0,-0.05386119026871718,69.0,0,0,6,True,5,2025-05,2.1972245773362196,31947.999999999996,-1613.0000000000036,False
PRD000298,2026-02-13,Bebe & Enfant,Kora,1.0,31863.0,45640.0,31863.0,30.0,1,1,30.18624014022787,33561.0,-1698.0,-1698.0,-0.05329065059787214,60.0,0,0,4,False,2,2026-02,0.6931471805599453,31947.999999999996,-1613.0000000000036,False
PRD000298,2026-02-15,Bebe & Enfant,Kora,5.0,161377.0,45640.0,32275.4,30.0,1,1,29.282646801051705,33561.0,-1285.5999999999985,-6428.0,-0.03983219417884824,59.0,0,0,6,True,2,2026-02,1.791759469228055,31947.999999999996,-1613.0000000000036,False
PRD000298,2026-02-17,Bebe & Enfant,Kora,1.0,31394.0,45640.0,31394.0,30.0,1,1,31.21384750219106,33561.0,-2167.0,-2167.0,-0.06902592852137351,54.0,0,0,1,False,2,2026-02,0.6931471805599453,31947.999999999996,-1613.0000000000036,False
PRD000298,2026-02-19,Bebe & Enfant,Kora,4.0,129281.0,45640.0,32320.25,30.0,1,1,29.184377738825596,33561.0,-1240.75,-4963.0,-0.03838924513269545,53.0,0,0,3,False,2,2026-02,1.6094379124341003,31947.999999999996,-1613.0000000000036,False
PRD000298,2026-02-20,Bebe & Enfant,Kora,1.0,32343.0,45640.0,32343.0,30.0,1,1,29.134531113058728,33561.0,-1218.0,-1218.0,-0.03765884426305537,49.0,0,1,4,False,2,2026-02,0.6931471805599453,31947.999999999996,-1613.0000000000036,False
PRD000299,2025-03-30,Telephonie & Accessoires,Nova,8.0,980637.0,163950.0,122579.625,25.0,1,1,25.233531564501376,126372.0,-3792.375,-30339.0,-0.03093805353051129,363.0,0,0,6,True,3,2025-03,2.1972245773362196,122962.5,-3409.5,False
PRD000299,2025-03-31,Telephonie & Accessoires,Nova,2.0,242170.0,163950.0,121085.0,25.0,1,1,26.145166209210124,126372.0,-5287.0,-10574.0,-0.043663542139819135,355.0,0,0,0,False,3,2025-03,1.0986122886681098,122962.5,-3409.5,False
PRD000299,2025-04-01,Telephonie & Accessoires,Nova,1.0,124096.0,163950.0,124096.0,25.0,1,1,24.308630680085397,126372.0,-2276.0,-2276.0,-0.018340639504899434,353.0,0,0,1,False,4,2025-04,0.6931471805599453,122962.5,-3409.5,False
PRD000299,2025-04-02,Telephonie & Accessoires,Nova,2.0,244360.0,163950.0,122180.0,25.0,1,1,25.47727965843245,126372.0,-4192.0,-8384.0,-0.03431003437551154,352.0,0,0,2,False,4,2025-04,1.0986122886681098,122962.5,-3409.5,False
PRD000299,2025-04-03,Telephonie & Accessoires,Nova,2.0,246570.0,163950.0,123285.0,25.0,1,1,24.803293687099725,126372.0,-3087.0,-6174.0,-0.025039542523421342,350.0,0,0,3,False,4,2025-04,1.0986122886681098,122962.5,-3409.5,False
PRD000299,2025-04-05,Telephonie & Accessoires,Nova,7.0,872029.0,163950.0,124575.57142857143,25.0,1,1,24.016119897181188,126372.0,-1796.4285714285652,-12575.0,-0.014420391982376683,348.0,0,0,5,True,4,2025-04,2.0794415416798357,122962.5,-3409.5,False
PRD000299,2025-04-06,Telephonie & Accessoires,Nova,14.0,1727761.0,163950.0,123411.5,25.0,1,1,24.72613601707838,126372.0,-2960.5,-41447.0,-0.023988850309736128,341.0,0,0,6,True,4,2025-04,2.70805020110221,122962.5,-3409.5,False
PRD000299,2025-04-07,Telephonie & Accessoires,Nova,1.0,124490.0,163950.0,124490.0,25.0,1,1,24.068313510216534,126372.0,-1882.0,-1882.0,-0.015117680134950599,327.0,0,0,0,False,4,2025-04,0.6931471805599453,122962.5,-3409.5,False
PRD000299,2025-04-08,Telephonie & Accessoires,Nova,3.0,372423.0,163950.0,124141.0,25.0,1,1,24.28118328758768,126372.0,-2231.0,-6693.0,-0.017971500149024093,326.0,0,0,1,False,4,2025-04,1.3862943611198906,122962.5,-3409.5,False
PRD000299,2025-04-10,Telephonie & Accessoires,Nova,1.0,121636.0,163950.0,121636.0,25.0,1,1,25.80908813662702,126372.0,-4736.0,-4736.0,-0.03893584136275445,323.0,0,0,3,False,4,2025-04,0.6931471805599453,122962.5,-3409.5,False
PRD000299,2025-06-25,Telephonie & Accessoires,Nova,4.0,492673.0,163950.0,123168.25,25.0,1,1,24.8745044220799,126372.0,-3203.75,-12815.0,-0.02601116765075415,124.0,0,0,2,False,6,2025-06,1.6094379124341003,122962.5,-3409.5,False
PRD000299,2025-06-27,Telephonie & Accessoires,Nova,11.0,1352254.0,163950.0,122932.18181818182,25.0,1,1,25.018492334137342,126372.0,-3439.8181818181765,-37838.0,-0.02798142952433488,120.0,0,0,4,False,6,2025-06,2.4849066497880004,122962.5,-3409.5,False
PRD000299,2025-06-28,Telephonie & Accessoires,Nova,1.0,121706.0,163950.0,121706.0,25.0,1,1,25.766392192741694,126372.0,-4666.0,-4666.0,-0.038338290634808474,109.0,0,0,5,True,6,2025-06,0.6931471805599453,122962.5,-3409.5,False
PRD000299,2025-06-29,Telephonie & Accessoires,Nova,6.0,745439.0,163950.0,124239.83333333333,25.0,1,1,24.220900681101966,126372.0,-2132.1666666666715,-12793.0,-0.017161699347632776,108.0,0,0,6,True,6,2025-06,1.9459101490553132,122962.5,-3409.5,False
PRD000299,2025-06-30,Telephonie & Accessoires,Nova,2.0,247952.0,163950.0,123976.0,25.0,1,1,24.381823726745957,126372.0,-2396.0,-4792.0,-0.019326321223462607,102.0,0,0,0,False,6,2025-06,1.0986122886681098,122962.5,-3409.5,False
PRD000299,2025-07-01,Telephonie & Accessoires,Nova,4.0,486687.0,163950.0,121671.75,25.0,1,1,25.787282708142722,126372.0,-4700.25,-18801.0,-0.0386305777635318,100.0,0,0,1,False,7,2025-07,1.6094379124341003,122962.5,-3409.5,False
PRD000299,2025-07-02,Telephonie & Accessoires,Nova,3.0,369464.0,163950.0,123154.66666666667,25.0,1,1,24.882789468333844,126372.0,-3217.3333333333285,-9652.0,-0.02612433146395856,96.0,0,0,2,False,7,2025-07,1.3862943611198906,122962.5,-3409.5,False
PRD000299,2025-07-03,Telephonie & Accessoires,Nova,4.0,497901.0,163950.0,124475.25,25.0,1,2,24.077310155535226,126372.0,-1896.75,-7587.0,-0.015237968993836124,93.0,0,0,3,False,7,2025-07,1.6094379124341003,122962.5,-3409.5,False
PRD000299,2025-07-04,Telephonie & Accessoires,Nova,2.0,250592.0,163950.0,125296.0,25.0,1,2,23.576700213479718,126372.0,-1076.0,-2152.0,-0.00858766441067552,89.0,0,0,4,False,7,2025-07,1.0986122886681098,122962.5,-3409.5,False
PRD000299,2025-07-05,Telephonie & Accessoires,Nova,6.0,740138.0,163950.0,123356.33333333333,25.0,1,2,24.75978448714039,126372.0,-3015.6666666666715,-18094.0,-0.024446792354939254,87.0,0,0,5,True,7,2025-07,1.9459101490553132,122962.5,-3409.5,False
PRD000299,2025-07-06,Telephonie & Accessoires,Nova,2.0,244523.0,163950.0,122261.5,25.0,1,2,25.42756938090881,126372.0,-4110.5,-8221.0,-0.03362055921119895,81.0,0,0,6,True,7,2025-07,1.0986122886681098,122962.5,-3409.5,False
PRD000299,2025-07-07,Telephonie & Accessoires,Nova,1.0,122685.0,163950.0,122685.0,25.0,1,2,25.16925892040256,126372.0,-3687.0,-3687.0,-0.030052573664262134,79.0,0,0,0,False,7,2025-07,0.6931471805599453,122962.5,-3409.5,False
PRD000299,2025-07-08,Telephonie & Accessoires,Nova,5.0,612549.0,163950.0,122509.8,25.0,1,3,25.276120768526987,126372.0,-3862.199999999997,-19311.0,-0.03152564121400898,78.0,0,0,1,False,7,2025-07,1.791759469228055,122962.5,-3409.5,False
PRD000299,2025-07-09,Telephonie & Accessoires,Nova,1.0,121696.0,163950.0,121696.0,25.0,1,3,25.772491613296733,126372.0,-4676.0,-4676.0,-0.03842361293715488,73.0,0,0,2,False,7,2025-07,0.6931471805599453,122962.5,-3409.5,False
PRD000299,2026-04-20,Telephonie & Accessoires,Nova,1.0,122761.0,163950.0,122761.0,25.0,1,1,25.122903324184197,126372.0,-3611.0,-3611.0,-0.029414879318350292,118.0,0,0,0,False,4,2026-04,0.6931471805599453,122962.5,-3409.5,False
PRD000299,2026-04-21,Telephonie & Accessoires,Nova,5.0,618925.0,163950.0,123785.0,25.0,1,1,24.49832265934736,126372.0,-2587.0,-12935.0,-0.020899139637274307,117.0,0,0,1,False,4,2026-04,1.791759469228055,122962.5,-3409.5,False
PRD000299,2026-04-22,Telephonie & Accessoires,Nova,2.0,241977.0,163950.0,120988.5,25.0,1,1,26.20402561756633,126372.0,-5383.5,-10767.0,-0.04449596449249309,112.0,0,0,2,False,4,2026-04,1.0986122886681098,122962.5,-3409.5,False
PRD000299,2026-04-23,Telephonie & Accessoires,Nova,5.0,612199.0,163950.0,122439.8,25.0,1,1,25.318816712412318,126372.0,-3932.199999999997,-19661.0,-0.03211537424922286,110.0,0,0,3,False,4,2026-04,1.791759469228055,122962.5,-3409.5,False
PRD000299,2026-04-24,Telephonie & Accessoires,Nova,5.0,616150.0,163950.0,123230.0,25.0,1,1,24.83684050015249,126372.0,-3142.0,-15710.0,-0.025497038058914224,105.0,0,0,4,False,4,2026-04,1.791759469228055,122962.5,-3409.5,False
PRD000299,2026-04-25,Telephonie & Accessoires,Nova,4.0,497569.0,163950.0,124392.25,25.0,1,1,24.127935346142117,126372.0,-1979.75,-7919.0,-0.015915380580381815,100.0,0,0,5,True,4,2026-04,1.6094379124341003,122962.5,-3409.5,False
PRD000299,2026-04-26,Telephonie & Accessoires,Nova,8.0,977673.0,163950.0,122209.125,25.0,1,1,25.45951509606588,126372.0,-4162.875,-33303.0,-0.03406353658124956,96.0,0,0,6,True,4,2026-04,2.1972245773362196,122962.5,-3409.5,False
PRD000299,2026-04-27,Telephonie & Accessoires,Nova,2.0,247113.0,163950.0,123556.5,25.0,1,1,24.637694419030186,126372.0,-2815.5,-5631.0,-0.022787145961564143,88.0,0,0,0,False,4,2026-04,1.0986122886681098,122962.5,-3409.5,False
PRD000299,2026-04-28,Telephonie & Accessoires,Nova,4.0,491884.0,163950.0,122971.0,25.0,1,1,24.99481549252821,126372.0,-3401.0,-13604.0,-0.027656927243008514,86.0,0,0,1,False,4,2026-04,1.6094379124341003,122962.5,-3409.5,False
PRD000299,2026-04-29,Telephonie & Accessoires,Nova,7.0,857268.0,163950.0,122466.85714285714,25.0,1,1,25.302313423081944,126372.0,-3905.142857142855,-27336.0,-0.03188734444771062,82.0,0,0,2,False,4,2026-04,2.0794415416798357,122962.5,-3409.5,False
